Year,Month,Coastal Tmin,Middle Tmin,Northern Tmin
1960,1,23.36322581,19.8983871,20.38790323
1960,2,24.42758621,22.21637931,21.64051724
1960,3,23.92193548,22.23225806,23.93629032
1960,4,23.568,22.2425,24.77416667
1960,5,23.6116129,22.52258065,23.91048387
1960,6,23.16866667,21.64,22.4375
1960,7,21.93935484,21.09516129,21.90483871
1960,8,22.14516129,21.29758065,22.11048387
1960,9,22.78933333,21.49416667,21.95916667
1960,10,23.03354839,21.24677419,22.06612903
1960,11,23.48266667,21.045,20.30666667
1960,12,23.36193548,20.94919355,20.75806452
1961,1,23.4083871,20.7766129,19.97419355
1961,2,23.95714286,21.10803571,20.89285714
1961,3,24.69612903,23.11370968,23.775
1961,4,23.71866667,22.75333333,24.55833333
1961,5,24.38903226,22.73387097,23.83870968
1961,6,23.21533333,21.6675,22.255
1961,7,22.64258065,21.44758065,22.02016129
1961,8,21.24193548,20.20725806,21.68145161
1961,9,21.836,20.74916667,21.33583333
1961,10,22.92451613,20.93145161,21.67419355
1961,11,23.262,21.29083333,20.43
1961,12,22.95548387,19.78790323,18.39112903
1962,1,23.60193548,20.02983871,18.66209677
1962,2,24.05,21.74553571,21.83392857
1962,3,24,22.52903226,24.26451613
1962,4,24.03666667,22.53166667,24.44916667
1962,5,23.61096774,22.10645161,23.42741935
1962,6,22.77733333,21.24583333,22.01916667
1962,7,23.11290323,21.70725806,22.24677419
1962,8,21.45741935,20.83145161,21.61612903
1962,9,21.77533333,21.12166667,21.475
1962,10,23.14258065,21.30080645,21.86451613
1962,11,23.206,21.595,22.07
1962,12,22.99290323,20.48817204,18.44408602
1963,1,23.62451613,20.69919355,19.59274194
1963,2,23.56928571,22.24196429,23.39910714
1963,3,23.83548387,21.94354839,23.58387097
1963,4,24.194,22.6675,24.13916667
1963,5,23.89870968,22.51048387,23.64435484
1963,6,23.38666667,21.71166667,22.7175
1963,7,22.94064516,21.73306452,22.23709677
1963,8,23.34451613,21.93467742,22.03629032
1963,9,23.36733333,20.12333333,22.095
1963,10,22.97354839,21.70080645,22.07177419
1963,11,23.09133333,20.89333333,19.59166667
1963,12,23.50645161,20.72983871,17.93790323
1964,1,23.05612903,19.97677419,19.87096774
1964,2,24.26482759,21.52827586,21.16206897
1964,3,24.43419355,22.9116129,24.53064516
1964,4,24.056,22.78866667,24.51333333
1964,5,23.62322581,22.14967742,23.61532258
1964,6,23.11133333,21.73933333,22.02916667
1964,7,22.04774194,20.86967742,21.85
1964,8,21.74903226,20.66774194,21.71935484
1964,9,21.80866667,20.91866667,21.23666667
1964,10,22.32709677,21.16709677,21.60887097
1964,11,22.93266667,21.23533333,20.91333333
1964,12,22.88322581,20.92580645,20.81048387
1965,1,22.82774194,20.95032258,20.24435484
1965,2,23.55285714,22.02071429,22.45178571
1965,3,24.15548387,22.55290323,23.93467742
1965,4,23.712,22.39133333,24.35583333
1965,5,23.61419355,22.38258065,23.30403226
1965,6,23.20866667,21.812,22.20583333
1965,7,22.9116129,21.66903226,22.23951613
1965,8,22.39677419,21.3716129,21.76209677
1965,9,22.53066667,21.32333333,21.6725
1965,10,23.38322581,21.94580645,21.95403226
1965,11,23.73733333,22.424,19.57166667
1965,12,23.41741935,20.68967742,17.78709677
1966,1,23.32709677,21.16,18.78467742
1966,2,23.835,22.13642857,21.25089286
1966,3,24.42064516,23.06129032,24.32741935
1966,4,24.156,23.03133333,24.5525
1966,5,24.21870968,23.0516129,24.20322581
1966,6,23.35533333,21.89,22.37333333
1966,7,23.8083871,21.96516129,22.28548387
1966,8,22.68903226,21.64193548,22.09677419
1966,9,22.37866667,21.55533333,21.67833333
1966,10,23.25612903,21.85870968,21.66693548
1966,11,23.48466667,22.06266667,20.7775
1966,12,23.63096774,21.61548387,18.84435484
1967,1,22.41870968,18.53806452,18.67419355
1967,2,24.42642857,22.24071429,22.52261905
1967,3,23.8916129,22.36451613,24.1
1967,4,24.22866667,22.65666667,23.88333333
1967,5,23.90774194,22.40903226,23.19032258
1967,6,22.838,21.674,21.96444444
1967,7,22.21677419,21.1516129,21.50752688
1967,8,21.72516129,21.05290323,21.52258064
1967,9,21.824,21.23133333,21.37888889
1967,10,22.78258065,21.37548387,21.57634409
1967,11,23.27266667,21.564,20.26222222
1967,12,23.22709677,21.28774194,20.34731183
1968,1,22.63741935,19.63483871,18.9172043
1968,2,24.18758621,22.54275862,22.60229885
1968,3,23.8716129,22.65612903,23.82150538
1968,4,23.95,22.31733333,23.40111111
1968,5,23.82387097,22.34064516,23.23333333
1968,6,23.33533333,21.91666667,22.16888889
1968,7,23.36709677,21.88580645,21.89569893
1968,8,23.34580645,21.90903226,21.85806452
1968,9,22.72733333,21.218,21.26
1968,10,22.93225806,21.47548387,21.69677419
1968,11,23.33866667,21.63533333,21.13222222
1968,12,23.60903226,21.8316129,20.44193548
1969,1,23.57419355,21.13354839,18.88924731
1969,2,24.93857143,22.795,23.66547619
1969,3,24.68903226,23.25419355,25.02580645
1969,4,24.98533333,23.176,24.74333333
1969,5,24.43483871,23.05032258,24.04731183
1969,6,23.91266667,22.29466667,23.12333333
1969,7,23.00774194,21.67354839,22.18602151
1969,8,22.40967742,21.43612903,21.94623656
1969,9,22.48466667,21.48,21.61333333
1969,10,22.99032258,21.54129032,21.80860215
1969,11,23.566,21.30933333,19.67
1969,12,24.01483871,22.10322581,18.8655914
1970,1,23.52,21.88387097,19.97419355
1970,2,25.155,23.04571429,22.46696429
1970,3,24.68516129,23.25806452,25.15645161
1970,4,24.70066667,23.356,25.905
1970,5,23.91870968,22.52258065,23.62903226
1970,6,23.434,22.30733333,23.06083333
1970,7,22.8716129,21.39741935,22.14919355
1970,8,21.99096774,21.47096774,21.88951613
1970,9,22.89466667,21.40133333,21.2775
1970,10,23.37225806,21.77870968,22.1516129
1970,11,23.26533333,21.61066667,20.66166667
1970,12,23.12967742,20.50774194,19.46290323
1971,1,23.00258065,19.84967742,18.71129032
1971,2,23.46571429,22.08357143,22.69642857
1971,3,23.91870968,22.66774194,24.70645161
1971,4,24.036,22.33333333,24.53333333
1971,5,23.91290323,22.27548387,23.82258065
1971,6,22.88466667,21.614,22.275
1971,7,22.34580645,21.20322581,21.62741935
1971,8,21.80903226,20.95612903,21.59032258
1971,9,22.20466667,21.08666667,21.345
1971,10,23,21.28967742,21.33790323
1971,11,23.424,21.74466667,20.16416667
1971,12,22.4283871,20.04580645,19.99354839
1972,1,23.29612903,21.11032258,19.22741935
1972,2,24.12275862,22.49586207,22.94224138
1972,3,24.01612903,22.45741935,24.53790323
1972,4,23.856,22.542,24.44416667
1972,5,24.01096774,22.60064516,23.85564516
1972,6,23.03866667,21.69733333,22.52083333
1972,7,22.81225806,21.84774194,22.29758065
1972,8,21.54645161,21.39548387,21.93225806
1972,9,22.452,21.90866667,21.94166667
1972,10,23.70645161,22.08645161,21.88790323
1972,11,23.91733333,22.252,19.46416667
1972,12,23.96903226,21.35741935,20.19758065
1973,1,24.22387097,20.93225806,20.77983871
1973,2,25.29428571,23.56142857,23.4625
1973,3,24.73612903,23.42387097,25.08629032
1973,4,24.69933333,23.43733333,25.37
1973,5,24.09741935,23.00774194,23.96774194
1973,6,23.54466667,22.13933333,22.5975
1973,7,23.02967742,21.94322581,22.62258065
1973,8,22.86193548,21.9116129,21.92580645
1973,9,23.22733333,21.72333333,21.59333333
1973,10,23.54064516,21.93935484,22.19193548
1973,11,23.432,21.42133333,19.55833333
1973,12,23.30387097,20.86451613,19.28306452
1974,1,22.63225806,19.88516129,19.74354839
1974,2,24.41785714,22.49,21.80625
1974,3,24.42903226,22.83225806,24.78548387
1974,4,24.174,22.87733333,24.9825
1974,5,23.50645161,22.35806452,23.8266129
1974,6,22.85,21.96266667,22.8025
1974,7,22.72645161,21.55290323,21.73709677
1974,8,22.36645161,21.48774194,22.13548387
1974,9,22.40733333,21.316,21.1775
1974,10,22.8483871,21.70322581,7.085483871
1974,11,23.41266667,21.506,19.51333333
1974,12,22.82387097,20.13290323,17.7483871
1975,1,22.14387097,18.96193548,18.19516129
1975,2,23.81857143,22.04071429,21.45446429
1975,3,24.04258065,23.04645161,24.15241935
1975,4,23.60533333,17.88933333,24.35333333
1975,5,23.62709677,22.5883871,23.57258065
1975,6,22.82,22.046,22.555
1975,7,22.21741935,21.46774194,21.5983871
1975,8,21.76967742,21.19612903,21.68870968
1975,9,21.86133333,21.16533333,21.55916667
1975,10,22.90645161,21.45741935,21.77016129
1975,11,23.18333333,22.08333333,20.19833333
1975,12,22.69806452,21.04709677,19.25483871
1976,1,22.44903226,20.17677419,19.54516129
1976,2,23.39793103,22.30413793,22.67068966
1976,3,23.90387097,22.91548387,24.04112903
1976,4,24.09833333,-13.59333333,24.86833333
1976,5,24.07258065,23.45806452,24.34516129
1976,6,17.95416667,21.955,21.8125
1976,7,22.16387097,21.43935484,22.21532258
1976,8,21.41612903,21.10258065,21.66129032
1976,9,22.13066667,21.516,21.8575
1976,10,22.98709677,21.90451613,21.73951613
1976,11,23.23866667,21.54733333,21.02833333
1976,12,23.48967742,20.72967742,17.59569892
1977,1,23.70322581,21.85806452,20.21048387
1977,2,24.66071429,22.85428571,21.55267857
1977,3,24.88258065,23.82129032,24.44677419
1977,4,24.85933333,23.74666667,26.11083333
1977,5,24.16064516,23.17419355,24.32580645
1977,6,23.56533333,22.33533333,22.93583333
1977,7,22.85290323,21.84580645,22.43548387
1977,8,21.92451613,21.33483871,21.91532258
1977,9,22.924,22.07133333,21.90333333
1977,10,23.46903226,22.05548387,21.78629032
1977,11,23.79533333,22.064,19.28666667
1977,12,23.04645161,7.840322581,18.34919355
1978,1,24.10322581,22.12516129,19.56290323
1978,2,24.78642857,23.28571429,23.05535714
1978,3,24.47096774,22.98774194,24.82419355
1978,4,23.734,22.95,24.28166667
1978,5,24.0483871,22.90193548,23.53225806
1978,6,23.032,22.048,22.55666667
1978,7,21.79483871,20.31096774,21.92822581
1978,8,22.11935484,21.48225806,21.99677419
1978,9,22.632,21.31466667,21.64083333
1978,10,23.36322581,21.99096774,22.05080645
1978,11,23.598,21.472,20.26416667
1978,12,23.97290323,22.12967742,19.40483871
1979,1,24.53354839,22.62967742,20.65241935
1979,2,24.74357143,22.92142857,21.46339286
1979,3,24.59870968,23.27483871,25.45322581
1979,4,24.708,23.65333333,25.76833333
1979,5,23.76580645,22.66516129,22.84516129
1979,6,21.77533333,22.394,22.57916667
1979,7,23.12903226,22.06193548,22.01854839
1979,8,23.39225806,22.3,22.53951613
1979,9,23.476,22.02866667,21.84416667
1979,10,23.49354839,22.50709677,22.46612903
1979,11,23.704,22.49066667,21.5025
1979,12,23.56,20.5883871,18.68548387
1980,1,24.23806452,22.56903226,21.12419355
1980,2,24.62206897,23.12137931,23.36551724
1980,3,24.52193548,23.28709677,25.35483871
1980,4,24.67866667,23.778,25.77
1980,5,23.70967742,23.01806452,24.30483871
1980,6,24.11533333,22.81,23.3675
1980,7,22.83935484,22.04451613,22.76532258
1980,8,22.72645161,21.78967742,22.13064516
1980,9,23.32066667,22.078,22.32833333
1980,10,23.20709677,22.11612903,22.34596774
1980,11,23.35466667,22.12933333,21.23166667
1980,12,22.23548387,19.90580645,17.17177419
1981,1,23.34064516,19.47795699,18.22741935
1981,2,24.90071429,23.13809524,23.18571429
1981,3,24.53290323,22.97688172,24.96048387
1981,4,24.80466667,23.26444445,24.48333333
1981,5,23.96,22.63010753,23.96854839
1981,6,23.67933333,22.135,23.02166667
1981,7,22.90645161,21.37688172,22.37903226
1981,8,22.56129032,21.59806452,21.13225806
1981,9,23.088,21.63166667,21.8975
1981,10,23.5483871,21.82795699,20.54354839
1981,11,23.3,21.56611111,19.23916667
1981,12,24.34709677,22.26344086,18.66854839
1982,1,17.05322581,20.47795699,17.72822581
1982,2,24.80089286,22.84880952,22.66339286
1982,3,25.04516129,23.02849462,24.46854839
1982,4,24.725,23.12333333,24.88583333
1982,5,23.78145161,22.32526882,24.15483871
1982,6,23.65333333,22.10166667,22.94083333
1982,7,22.43290323,21.37258065,22.39032258
1982,8,21.67419355,20.5811828,22.03064516
1982,9,22.21833333,21.53833333,19.98416667
1982,10,23.43306452,21.6672043,22.05322581
1982,11,23.74166667,21.81944445,19.8975
1982,12,23.81854839,21.11505376,18.63709677
1983,1,20.70483871,19.26505376,18.10725806
1983,2,24.57,23.26071429,23.41071429
1983,3,25.97741935,24.33010753,25.25887097
1983,4,25.39,23.67333333,25.27083333
1983,5,25.18870968,23.60322581,24.6483871
1983,6,23.882,22.19333333,23.13083333
1983,7,22.45645161,21.57634409,20.6
1983,8,22.32903226,21.28172043,22.60645161
1983,9,23.068,21.68333333,22.48555556
1983,10,23.90064516,21.96827957,19.40483871
1983,11,24.29666667,22.40666667,19.9325
1983,12,23.71548387,21.65967742,17.54435484
1984,1,24.21870968,21.52849462,19.80080645
1984,2,24.56068966,20.94597701,20.81637931
1984,3,25.12580645,23.14129032,25.43064516
1984,4,24.64533333,23.155,25.52666667
1984,5,24.33290323,22.47043011,21.98951613
1984,6,23.53166667,21.34583333,18.49
1984,7,22.92096774,20.7516129,19.2016129
1984,8,22.86580645,21.56827957,21.98924731
1984,9,22.69933333,21.21888889,21.77222222
1984,10,23.24258065,21.75322581,22.22903226
1984,11,23.772,22.24777778,21.62666667
1984,12,23.06129032,20.32096774,18.09112903
1985,1,23.68709677,19.69806452,20.83629032
1985,2,24.17857143,20.97857143,21.93392857
1985,3,19.64731183,21.51677419,25.29758065
1985,4,20.57833333,22.98,22.47
1985,5,22.67096774,21.91870968,24.525
1985,6,22.37416667,21.86888889,23.2525
1985,7,22.33548387,20.99892473,21.72903226
1985,8,22.68951613,21.61236559,22.01693548
1985,9,23.11,21.2,21.68555556
1985,10,23.41397849,21.68172043,22.02150538
1985,11,23.91083333,22.14444444,20.92666667
1985,12,17.46021505,19.71021505,18.71505376
1986,1,19.80322581,20.30967742,6.390322581
1986,2,24.61,22.84940476,23.33660714
1986,3,24.36048387,22.6639785,25.225
1986,4,25.01533333,23.386,25.7725
1986,5,24.10516129,22.51612903,24.75241935
1986,6,23.22933333,21.65055556,22.92916667
1986,7,22.5,21.31344086,22.09354839
1986,8,21.85548387,21.02365591,21.93790323
1986,9,22.646,21.45111111,21.84916667
1986,10,23.3266129,21.49139785,22.0983871
1986,11,23.77583333,21.81555556,19.63666667
1986,12,23.01483871,19.91290323,17.43306452
1987,1,24.36774194,22.19139785,20.41854839
1987,2,24.74785714,22.96964286,23.33035714
1987,3,24.64,23.16182796,24.80806452
1987,4,25.752,24.02111111,26.46
1987,5,24.91290323,23.1844086,25.78145161
1987,6,13.03066667,22.605,23.50083333
1987,7,23.58064516,22.27365591,23.08548387
1987,8,23.6083871,22.22043011,22.575
1987,9,23.518,22.17222222,22.78
1987,10,23.43096774,22.11290323,22.56612903
1987,11,24.076,23.03166667,20.80583333
1987,12,23.17419355,21.51505376,19.66935484
1988,1,23.08903226,21.14946237,20.28870968
1988,2,24.54551724,23.78103448,22.77672414
1988,3,24.44451613,23.61505376,26.55
1988,4,24.54733333,23.55222222,26.01833333
1988,5,24.3016129,23.29247312,25.35645161
1988,6,23.15133333,22.15611111,22.83166667
1988,7,22.70129032,21.57849462,22.21290323
1988,8,22.01483871,21.3483871,22.1733871
1988,9,22.52166667,21.68611111,22.2075
1988,10,23.15935484,21.98763441,22.3
1988,11,23.25466667,22.30055556,20.70583333
1988,12,23.14516129,20.52311828,18.92016129
1989,1,21.92451613,19.94354839,18.25483871
1989,2,24.08571429,22.16845238,21.42678571
1989,3,24.23483871,22.83548387,23.8766129
1989,4,24.56866667,23.07833333,25.79166667
1989,5,23.95419355,22.73010753,24.7016129
1989,6,23.41666667,21.925,22.48083333
1989,7,23.51483871,21.79086021,22.46774194
1989,8,22.61677419,21.40537634,22.23145161
1989,9,22.64933333,21.58,21.55
1989,10,23.21354839,21.78064516,21.85322581
1989,11,24.06133333,22.73777778,20.4825
1989,12,23.66129032,21.62365591,19.17419355
1990,1,23.60903226,21.91666667,20.79758065
1990,2,23.38642857,21.93511905,21.83482143
1990,3,25.47032258,24.09892473,24.19677419
1990,4,24.50933333,23.39222222,26.02583333
1990,5,24.00387097,22.78709677,24.56854839
1990,6,23.86733333,22.42722222,23.19416667
1990,7,22.75677419,21.56021505,22.49032258
1990,8,21.87935484,21.52795699,22.16532258
1990,9,23.106,21.59166667,21.93583333
1990,10,23.64903226,21.89408602,22.60564516
1990,11,24.23466667,22.54722222,22.77666667
1990,12,23.41870968,21.50107527,21.44274194
1991,1,24.07935484,21.54946237,20.67419355
1991,2,24.92142857,23.18273809,24.04642857
1991,3,24.9483871,23.38763441,25.68467742
1991,4,23.94066667,22.77277778,24.92166667
1991,5,24.25935484,22.99247312,23.57580645
1991,6,24.444,22.81,23.6825
1991,7,23.33741935,21.88817204,22.61048387
1991,8,22.72129032,21.55,22.30967742
1991,9,23.31133333,21.92722222,22.45
1991,10,22.81870968,21.46666667,21.85564516
1991,11,23.628,22.01111111,20.4625
1991,12,23.72903226,21.13709677,19.03306452
1992,1,22.28322581,20.26075269,19.475
1992,2,24.82344828,23.05804598,22.54568966
1992,3,25.14967742,23.84247312,25.44677419
1992,4,25.20533333,23.34222222,25.52083333
1992,5,24.24903226,22.8155914,23.94919355
1992,6,23.55466667,21.30388889,22.50416667
1992,7,22.75096774,21.45053763,21.96209677
1992,8,22.14774194,20.9327957,21.86129032
1992,9,22.21133333,21.235,21.60666667
1992,10,23.67870968,21.99408602,22.12822581
1992,11,23.24266667,21.30277778,20.2475
1992,12,23.8916129,21.6,18.66935484
1993,1,22.39870968,20.03548387,18.50322581
1993,2,24.445,22.8922619,22.4
1993,3,23.74774194,22.31344086,24.07016129
1993,4,24.14866667,23.02444444,25.19833333
1993,5,24.90064516,23.26075269,24.40806452
1993,6,23.92733333,22.20277778,23.24833333
1993,7,22.96129032,21.66666667,22.14354839
1993,8,22.44903226,21.42258064,22.13629032
1993,9,23.22333333,21.47444444,21.93
1993,10,23.78903226,21.83494624,22.57177419
1993,11,23.80533333,22.10833333,23.13333333
1993,12,24.10258065,21.10322581,20.15806452
1994,1,23.32645161,20.83225806,20.28629032
1994,2,24.97142857,22.625,21.78482143
1994,3,24.43096774,22.76182796,24.68548387
1994,4,24.66333333,22.74833333,26.04
1994,5,24.18709677,22.40268817,23.29032258
1994,6,23.74466667,21.94,22.9425
1994,7,23.00645161,21.60537634,22.69193548
1994,8,22.71612903,21.35322581,22.57580645
1994,9,23.118,21.84777778,22.6675
1994,10,23.13806452,21.56935484,22.26854839
1994,11,23.46066667,21.63444444,19.64833333
1994,12,23.1083871,20.26451613,18.53306452
1995,1,23.07741935,20.06505376,18.46370968
1995,2,25.07357143,22.80535714,21.17410714
1995,3,24.21677419,23.19516129,25.68870968
1995,4,24.90866667,23.31833333,25.80416667
1995,5,24.49612903,22.84193548,24.55564516
1995,6,23.89333333,22.11166667,23.65333333
1995,7,23.4916129,21.9827957,22.91935484
1995,8,23.44903226,21.97258065,22.45645161
1995,9,23.07533333,21.77,22.63916667
1995,10,23.23935484,21.77365591,22.66854839
1995,11,23.822,21.93111111,20.58583333
1995,12,23.9083871,21.41344086,20.76451613
1996,1,24.27032258,21.83763441,20.27096774
1996,2,24.83448276,22.62183908,23.99310345
1996,3,24.80193548,23.3155914,26.05322581
1996,4,24.49,23.18277778,25.56
1996,5,24.04,23.10268817,24.75080645
1996,6,23.60333333,22.14,22.95583333
1996,7,23.30193548,21.59139785,22.54112903
1996,8,22.87548387,21.6,22.08225806
1996,9,22.57066667,21.60555556,21.98666667
1996,10,23.43612903,21.51827957,21.95806452
1996,11,23.94933333,21.76777778,18.67583333
1996,12,23.96322581,22.10376344,19.22580645
1997,1,24.19677419,22.15752688,21.03790323
1997,2,24.35357143,22.02440476,21.74285714
1997,3,24.45354839,23.32311828,25.06854839
1997,4,24.316,22.80222222,25.18
1997,5,24.01419355,22.73064516,23.96612903
1997,6,23.55666667,22.13666667,22.68166667
1997,7,22.36129032,21.36827957,22.40564516
1997,8,22.10709677,21.35860215,22.71693548
1997,9,23.49666667,22.09611111,22.78083333
1997,10,23.96322581,22.34569892,22.975
1997,11,24.106,22.43111111,21.49916667
1997,12,24.25032258,22.08763441,19.81048387
1998,1,23.77741935,21.10107527,20.06612903
1998,2,25.83642857,23.34702381,23.92767857
1998,3,26.57612903,24.78763441,25.64919355
1998,4,26.28466667,24.40222222,27.24333333
1998,5,24.83870968,23.57688172,25.50483871
1998,6,24.10333333,22.42944444,23.7625
1998,7,23.26,22.01881721,23.34516129
1998,8,22.3516129,21.26182796,22.69677419
1998,9,23.43333333,21.92055556,22.4875
1998,10,24.10258065,22.13870968,22.89193548
1998,11,24.45266667,22.54111111,21.4
1998,12,24.27548387,22.01451613,20.48145161
1999,1,24.45225806,22.11075269,20.93951613
1999,2,24.19142857,22.04761905,22.10803571
1999,3,24.91612903,22.82741935,25.89677419
1999,4,24.71533333,22.75777778,25.4025
1999,5,24.39483871,22.66451613,24.64435484
1999,6,23.76133333,22.245,23.35333333
1999,7,23.4883871,21.64516129,22.57580645
1999,8,22.45032258,21.22580645,22.5233871
1999,9,22.80933333,21.59944444,21.905
1999,10,23.38516129,21.46021505,22.14354839
1999,11,24.006,22.05166667,21.7175
1999,12,24.3,21.41236559,18.95806452
2000,1,24.18064516,22.24516129,22.23790323
2000,2,23.9062069,21.23103448,20.67413793
2000,3,25.35290323,23.54892473,24.42903226
2000,4,18.29666667,23.26111111,25.9075
2000,5,24.41032258,22.99784946,24.69919355
2000,6,23.998,22.20277778,22.71166667
2000,7,22.89612903,21.35107527,22.5
2000,8,22.8116129,21.23924731,22.15
2000,9,23.30733333,21.755,21.88583333
2000,10,23.65483871,21.88387097,22.41854839
2000,11,24.372,22.32777778,21.43
2000,12,24.20967742,21.18387097,13.80564516
2001,1,24.23354839,21.36021505,19.18467742
2001,2,24.82714286,22.46666667,21.41607143
2001,3,24.9283871,23.26344086,25.53225806
2001,4,24.614,22.98944444,25.77333333
2001,5,24.56645161,23.28064516,24.66209677
2001,6,23.83866667,22.31222222,23.26166667
2001,7,23.44,21.86129032,22.92016129
2001,8,22.49225806,21.48010753,22.53548387
2001,9,23.06533333,21.44888889,22.31333333
2001,10,24.08645161,22.29408602,22.97177419
2001,11,24.558,22.79166667,22.02
2001,12,25.05741935,22.91881721,20.60887097
2002,1,24.05096774,21.71182796,20.55698925
2002,2,25.23785714,23.2297619,22.18095238
2002,3,25.38,23.76774193,26.90752688
2002,4,25.00866667,22.105,26.38222222
2002,5,24.82387097,22.95483871,25.19032258
2002,6,23.62266667,22.095,23.83666667
2002,7,23.56322581,22.20591398,23.24301075
2002,8,22.63806452,21.40537634,22.49462366
2002,9,22.93533333,21.75111111,22.46666667
2002,10,23.66258065,21.9688172,22.75268817
2002,11,24.20133333,22.40333333,21.44111111
2002,12,23.73483871,20.95376344,19.6688172
2003,1,24.54387097,21.83709677,20.41935484
2003,2,25.39357143,23.55833333,24.21428571
2003,3,25.57806452,23.85645161,25.32043011
2003,4,24.73266667,23.05833333,25.55111111
2003,5,24.97032258,23.3827957,25.07903226
2003,6,23.73866667,22.21222222,23.12888889
2003,7,22.96967742,21.69193548,22.9483871
2003,8,22.77806452,21.65860215,22.79462366
2003,9,23.95,22.16833333,22.4925
2003,10,24.29741935,22.44623656,23.37580645
2003,11,24.34266667,22.53444444,21.98166667
2003,12,24.37612903,21.46612903,19.84516129
2004,1,24.77483871,22.07956989,20.98951613
2004,2,25.09448276,22.98218391,23.3112069
2004,3,25.60387097,23.61344086,24.93951613
2004,4,25.35066667,23.51777778,25.4375
2004,5,24.66193548,22.98709677,24.47177419
2004,6,23.74133333,22.11277778,22.71833333
2004,7,22.99419355,21.67096774,22.50645161
2004,8,22.84709677,21.70430108,22.38145161
2004,9,23.69133333,21.74555556,22.04416667
2004,10,23.96193548,22.16612903,22.89758065
2004,11,24.47466667,22.60111111,22.1725
2004,12,24.96258065,22.93709677,21.42903226
2005,1,22.88967742,20.22580645,20.37258065
2005,2,26.01642857,24.0202381,25.51964286
2005,3,25.30193548,23.62956989,26.79919355
2005,4,26.00333333,23.87777778,26.51333333
2005,5,24.74064516,23.10645161,24.94596774
2005,6,24.33133333,22.42888889,23.61833333
2005,7,23.34064516,21.67634409,22.82258065
2005,8,22.40258065,21.21182796,22.61129032
2005,9,23.94,22.12166667,22.67666667
2005,10,24.03935484,22.1344086,18.50403226
2005,11,24.57266667,22.57277778,21.61555556
2005,12,24.66451613,22.00537634,20.74086021
2006,1,24.75483871,22.47526882,21.70215054
2006,2,25.31,23.41309524,23.75
2006,3,25.05354839,22.94032258,26.48172043
2006,4,25.73,23.69833333,26.99333333
2006,5,24.27677419,22.7172043,24.82258065
2006,6,23.88466667,22.30055556,23.91666667
2006,7,23.89483871,22.1672043,23.29032258
2006,8,23.35741935,21.92956989,22.8827957
2006,9,23.71466667,21.90888889,22.35555556
2006,10,24.20258065,22.43010753,23.2483871
2006,11,24.45666667,22.08666667,19.69
2006,12,24.63870968,21.1672043,18.64946237
2007,1,22.93741935,20.59354839,19.19462366
2007,2,25.69142857,23.4202381,23.11190476
2007,3,25.5516129,23.70376344,25.60322581
2007,4,25.38866667,23.29888889,25.59555556
2007,5,24.86516129,23.0827957,24.66774194
2007,6,23.92133333,22.51055556,24.11555556
2007,7,23.61225806,22.06881721,23.39892473
2007,8,23.32322581,21.75806452,22.33763441
2007,9,23.50133333,21.99611111,22.30333333
2007,10,23.45870968,21.93172043,22.9516129
2007,11,24.12,22.42388889,22.71888889
2007,12,24.43419355,21.9016129,20.04193548
2008,1,21.93096774,19.57956989,17.96989247
2008,2,25.15655172,22.78563218,19.36724138
2008,3,25.12258065,23.48258065,25.22419355
2008,4,24.84866667,23.43333333,25.5825
2008,5,24.19354839,22.89096774,24.83709677
2008,6,24.06266667,22.59533333,23.57333333
2008,7,24.00064516,22.02193548,22.77741935
2008,8,23.33612903,21.91483871,22.4233871
2008,9,23.614,22.31933333,22.5225
2008,10,24.29354839,22.58580645,22.67258065
2008,11,24.68266667,22.98866667,20.40916667
2008,12,24.81290323,22.57225806,21.10080645
2009,1,23.90709677,21.5516129,19.29516129
2009,2,25.30928571,23.54714286,24.72142857
2009,3,25.5083871,23.77677419,26.31370968
2009,4,24.858,23.33733333,25.27
2009,5,24.79419355,23.33096774,24.69435484
2009,6,24.01933333,22.62866667,23.32416667
2009,7,23.79096774,21.98258065,22.525
2009,8,23.01419355,22.19032258,22.59354839
2009,9,23.40933333,22.37133333,22.43833333
2009,10,24.28645161,22.61483871,22.73709677
2009,11,24.72666667,22.41533333,21.40166667
2009,12,25.13548387,22.7916129,19.49354839
2010,1,25.44774194,22.73677419,19.57903226
2010,2,26.49761905,23.85428571,24.27678571
2010,3,26.34,24.30258065,26.64032258
2010,4,26.14933333,24.20533333,26.2
2010,5,25.59870968,23.96064516,25.38870968
2010,6,24.88133333,23.182,23.8775
2010,7,23.86645161,22.11032258,23.07016129
2010,8,23.66580645,22.29935484,22.74758065
2010,9,24.17533333,22.34933333,22.51
2010,10,24.37225806,22.72064516,22.84596774
2010,11,24.20666667,22.74133333,21.94916667
2010,12,24.58580645,22.51612903,18.74596774
2011,1,24.17483871,21.30064516,20.10483871
2011,2,24.5125,22.96571429,23.74821429
2011,3,25.52741935,23.50193548,25.86612903
2011,4,25.41583333,23.80533333,25.92416667
2011,5,25.10241935,23.54516129,24.77822581
2011,6,24.5975,22.95266667,23.67083333
2011,7,23.72741935,22.19806452,22.80887097
2011,8,23.19032258,22.12580645,22.41774194
2011,9,23.8775,22.474,22.57833333
2011,10,23.69677419,22.49483871,22.96290323
2011,11,24.57833333,22.964,21.47
2011,12,2.618709677,21.51612903,18.50725806
2012,1,23.81048387,21.1116129,19.29435484
2012,2,24.51655172,22.89103448,23.46637931
2012,3,25.92322581,23.95290323,25.71612903
2012,4,25.38066667,23.47833333,25.13583333
2012,5,24.60322581,23.03494624,24.00645161
2012,6,23.67266667,22.68933333,23.52222222
2012,7,23.47526882,22.05096774,22.70752688
2012,8,22.35032258,21.19193548,22.20483871
2012,9,23.90111111,22.00333333,22.03666667
2012,10,24.62473118,21.79462366,23.09032258
2012,11,25.32888889,21.78333333,NA
2012,12,24.76258065,22.28387097,20.78548387
2013,1,24.56935484,21.76516129,19.5172043
2013,2,25.86285714,23.09642857,22.25595238
2013,3,26.03354839,23.28193548,25.98494624
2013,4,25.40466667,23.258,25.05444444
2013,5,24.72322581,22.53677419,24.21612903
2013,6,24.3325,21.9775,23.67222222
2013,7,23.51935484,21.42096774,22.96129032
2013,8,22.53806452,21.05806452,22.24032258
2013,9,23.76533333,22.01388889,22.24166667
2013,10,24.26967742,22.18870968,22.58225806
2013,11,24.92533333,22.95444444,22.47
2013,12,24.26129032,21.27483871,19.96129032
2014,1,24.84677419,22.69225806,21.10967742
2014,2,24.39017857,20.43660714,23.80535714
2014,3,25.2716129,23.60752688,25.21290323
2014,4,25.22266667,23.49833333,10.89333333
2014,5,25.0766129,23.66064516,25.38064516
2014,6,24.436,22.97444445,24.04666667
2014,7,23.89193548,22.22473118,23.81505376
2014,8,23.06387097,21.8516129,22.95268817
2014,9,23.70266667,22.01466667,21.935
2014,10,24.13978495,16.17580645,22.95698925
2014,11,24.434,22.648,22.61555556
2014,12,24.63096774,22.10053764,19.82688172
2015,1,23.41532258,20.84462366,19.48172043
2015,2,25.20238095,23.33357143,23.84761905
2015,3,25.36967742,23.62365591,25.24516129
2015,4,25.78866667,23.64611111,25.85444445
2015,5,25.30903226,23.38225806,25.92903226
2015,6,24.31533333,22.74,24.51222222
2015,7,23.78387097,22.32688172,23.34193548
2015,8,23.3,22.02193548,22.86666667
2015,9,23.74933333,22.60266667,22.78777778
2015,10,24.425,22.82849462,23.4655914
2015,11,24.902,22.78933333,21.5625
2015,12,23.93935484,21.3683871,-0.258064516
2016,1,24.47806452,22.19247312,20.32258065
2016,2,25.02413793,23.62356322,22.53563218
2016,3,25.98451613,24.29677419,25.88817204
2016,4,26.13933333,24.12611111,26.56666667
2016,5,25.48645161,23.69677419,25.78870968
2016,6,24.28466667,22.56533333,24.67
2016,7,23.77870968,22.53548387,22.19784946
2016,8,23.38,22.33870968,23.46344086
2016,9,24.22066667,22.52833333,22.78444444
2016,10,24.72064516,22.75806452,23.07956989
2016,11,25.33733333,23.74266667,22.21888889
2016,12,24.93483871,22.33870968,20.93333333
