Year,Month,Coastal Avg,Middle Avg,Northern Avg
1960,1,27.16612903,26.13508065,27.63346774
1960,2,27.85724138,28.42931034,29.65818966
1960,3,27.65516129,27.94032258,30.50241935
1960,4,27.19766667,27.06958333,30.16125
1960,5,27.07806452,27.27822581,29.17258065
1960,6,25.88933333,25.70458333,26.79625
1960,7,24.97354839,24.93427419,25.90040323
1960,8,24.74451613,24.80887097,26.06129032
1960,9,25.51733333,25.5425,26.15625
1960,10,26.25516129,25.81895161,27.4108871
1960,11,27.28866667,26.68958333,27.85833333
1960,12,27.13774194,26.41653226,27.47137097
1961,1,27.07096774,26.95080645,27.46572581
1961,2,27.74,28.27410714,28.50491071
1961,3,28.32451613,29.41854839,30.73548387
1961,4,27.57366667,27.84666667,29.87916667
1961,5,27.85419355,27.40927419,29.0266129
1961,6,26.01,25.56166667,26.52041667
1961,7,25.03709677,24.49959677,25.5766129
1961,8,24.09032258,23.96854839,25.40443548
1961,9,24.81733333,24.88833333,25.67666667
1961,10,26.47354839,26,27.88306452
1961,11,27.21766667,26.47458333,28.17708333
1961,12,27.07258065,25.96895161,26.66612903
1962,1,27.4816129,26.85806452,26.85846774
1962,2,28.075,28.53616071,29.39508929
1962,3,27.73806452,28.10443548,30.92862903
1962,4,27.95433333,27.66791667,30.00458333
1962,5,27.29290323,26.6266129,28.66532258
1962,6,25.52433333,24.94208333,26.23833333
1962,7,25.70806452,25.03387097,26.02217742
1962,8,24.36064516,24.24193548,25.12983871
1962,9,24.76633333,25.05708333,25.64208333
1962,10,26.36870968,25.98951613,27.03185484
1962,11,27.01533333,26.41875,28.00416667
1962,12,27.20064516,25.83064516,26.43333333
1963,1,27.39064516,26.32419355,27.76330645
1963,2,27.46642857,27.69017857,30.22321429
1963,3,28.05516129,27.61330645,29.91330645
1963,4,27.84733333,27.63791667,29.66083333
1963,5,27.45451613,27.00967742,28.47137097
1963,6,26.679,25.97666667,27.42125
1963,7,25.7016129,25.59395161,26.30362903
1963,8,25.93354839,25.43467742,25.86572581
1963,9,25.91666667,25.14375,26.39958333
1963,10,26.58612903,26.11491935,26.95967742
1963,11,27.29666667,26.57,26.9375
1963,12,27.44233871,26.46774194,26.56209677
1964,1,27.15193548,25.30483871,27.31774194
1964,2,28.15896552,28.24034483,29.25560345
1964,3,28.30645161,28.43064516,30.89032258
1964,4,27.91533333,27.82933333,30.15166667
1964,5,27.17322581,26.41806452,28.7891129
1964,6,25.93333333,25.81533333,26.63291667
1964,7,24.86129032,24.4216129,25.86895161
1964,8,24.69548387,24.1783871,25.29919355
1964,9,24.80233333,24.86933333,25.38291667
1964,10,25.42903226,25.47741935,27.15403226
1964,11,26.672,26.09333333,27.79041667
1964,12,26.72096774,25.74709677,27.47540323
1965,1,26.71225806,26.55290323,27.23669355
1965,2,27.2,27.62785714,29.69910714
1965,3,27.68774194,28.12516129,30.96895161
1965,4,27.61133333,27.55533333,30.125
1965,5,27.39483871,27.05612903,28.37016129
1965,6,26.07133333,25.78366667,26.58458333
1965,7,25.09,25.10677419,26.25645161
1965,8,24.92701613,24.7783871,25.60080645
1965,9,25.50366667,25.43633333,25.94375
1965,10,26.60516129,26.46612903,27.45120968
1965,11,27.52,27.22833333,27.5025
1965,12,27.13258065,25.61258065,26.14677419
1966,1,27.21129032,27.01741935,27.35685484
1966,2,27.82285714,28.15821429,29.03571429
1966,3,28.17935484,28.4716129,31.07137097
1966,4,27.75966667,27.995,30.29041667
1966,5,27.74677419,27.52645161,29.33225806
1966,6,26.105,25.97333333,26.69125
1966,7,26.40322581,25.79225806,26.50967742
1966,8,25.1183871,24.91612903,25.73266129
1966,9,25.26966667,25.45533333,25.92
1966,10,26.63064516,26.32032258,27.08830645
1966,11,27.37366667,27.02733333,28.02666667
1966,12,27.57935484,26.73129032,26.99112903
1967,1,26.91943548,25.46677419,26.61505376
1967,2,28.16607143,28.27535714,29.80238095
1967,3,27.65322581,27.85322581,30.18978495
1967,4,27.83766667,27.68466667,29.26444444
1967,5,27.37709677,26.94516129,28.34462366
1967,6,25.72566667,25.645,26.33333333
1967,7,24.75580645,24.63322581,25.45
1967,8,24.16258065,24.27967742,25.08064516
1967,9,24.648,24.951,25.53277778
1967,10,25.91354839,25.84870968,27.04247312
1967,11,27.004,26.722,27.6
1967,12,26.99322581,26.33032258,27.22043011
1968,1,26.50193548,25.91741935,26.65645161
1968,2,27.70724138,28.1037931,29.29655172
1968,3,27.06451613,27.82322581,29.82903226
1968,4,27.69133333,27.252,28.55722222
1968,5,27.31064516,27.05516129,28.42204301
1968,6,26.213,25.90933333,26.40166667
1968,7,25.74419355,25.40612903,25.82311828
1968,8,25.50645161,25.35870968,25.97526882
1968,9,25.53733333,25.212,25.62777778
1968,10,26.50096774,26.15870968,27.24032258
1968,11,27.03533333,26.43833333,27.59388889
1968,12,27.25806452,26.6883871,27.84139785
1969,1,27.34354839,26.83741935,27.32526882
1969,2,28.66214286,28.62857143,30.89107143
1969,3,28.4483871,28.43,31.35376344
1969,4,28.64433333,28.257,30.01666667
1969,5,27.84258065,27.71193548,29.23817204
1969,6,26.483,26.18033333,27.70722222
1969,7,24.86612903,24.93193548,26.1688172
1969,8,24.80967742,24.77258065,25.42849462
1969,9,25.10033333,25.28833333,25.835
1969,10,26.02354839,25.84290323,26.82473118
1969,11,27.229,26.43966667,26.66555556
1969,12,27.58193548,26.8883871,27.29354839
1970,1,10.79806452,27.04709677,28.1891129
1970,2,27.54642857,28.64821429,30.02053571
1970,3,28.26225806,28.34354839,31.88427419
1970,4,27.87866667,28.21466667,31.7325
1970,5,27.40193548,26.94258065,28.71209677
1970,6,26.32733333,26.42533333,28.28541667
1970,7,25.36709677,24.99387097,26.25685484
1970,8,24.56096774,25.02,25.36169355
1970,9,20.14933333,25.247,25.47083333
1970,10,26.83129032,26.36129032,28.01532258
1970,11,27.24833333,26.641,28.13375
1970,12,27.27806452,26.12322581,27.0516129
1971,1,27.0383871,26.20387097,26.83185484
1971,2,27.31178571,27.67785714,29.79732143
1971,3,27.29677419,27.75258065,30.72943548
1971,4,27.821,26.881,30.17625
1971,5,27.69096774,27.18258065,28.89314516
1971,6,25.91366667,25.70866667,26.93375
1971,7,25.24580645,24.89741935,25.64112903
1971,8,24.39096774,24.38580645,25.28669355
1971,9,25.10066667,24.886,25.71458333
1971,10,26.34967742,25.91709677,27.23104839
1971,11,27.22533333,26.85933333,27.89958333
1971,12,26.55,25.58290323,26.90282258
1972,1,27.17903226,26.84967742,27.31290323
1972,2,27.94,27.34448276,30.21810345
1972,3,27.88258065,27.84354839,30.94717742
1972,4,27.581,27.27666667,29.67375
1972,5,27.38451613,27.00387097,28.625
1972,6,26.123,25.66866667,26.84416667
1972,7,25.2416129,25.36096774,26.54435484
1972,8,24.16645161,24.88193548,25.95766129
1972,9,25.29033333,25.81833333,26.36916667
1972,10,26.94451613,26.4316129,27.30524194
1972,11,27.66633333,27.225,27.32666667
1972,12,27.72193548,26.61903226,27.50403226
1973,1,27.92741935,27.25483871,28.35766129
1973,2,29.01392857,29.32392857,30.97053571
1973,3,28.58806452,29.10806452,31.63145161
1973,4,28.55333333,28.43533333,31.445
1973,5,27.81516129,27.96387097,29.58709677
1973,6,26.52166667,26.157,27.41583333
1973,7,25.82741935,25.72193548,26.81169355
1973,8,25.4483871,25.38548387,26.62096774
1973,9,25.95933333,25.50333333,26.01958333
1973,10,26.91677419,26.46516129,28.06290323
1973,11,27.73466667,26.961,27.6275
1973,12,27.24806452,26.41677419,27.36532258
1974,1,26.89483871,26.0383871,26.73709677
1974,2,28.07857143,28.39428571,29.25714286
1974,3,28.26516129,28.14,31.11572581
1974,4,28.04033333,27.88333333,30.80541667
1974,5,26.95290323,26.83870968,29.29395161
1974,6,25.72133333,26.04133333,27.73291667
1974,7,25.27548387,25.06903226,25.59153226
1974,8,25.10387097,25.31193548,25.83024194
1974,9,24.99433333,25.01866667,25.5025
1974,10,26.0016129,26.14741935,11.90282258
1974,11,27.08033333,26.747,27.14375
1974,12,26.60903226,25.83354839,25.94233871
1975,1,26.63322581,26.08806452,26.08104839
1975,2,27.48892857,27.98678571,29.14910714
1975,3,27.65903226,28.39741935,30.86975806
1975,4,27.54141667,22.94666667,29.865
1975,5,27.05354839,26.95612903,28.56330645
1975,6,25.91133333,26.156,27.32791667
1975,7,25.00387097,25.07645161,25.50120968
1975,8,23.72580645,24.43903226,25.75483871
1975,9,24.684,25.19366667,25.73708333
1975,10,26.14677419,26.06193548,27.32016129
1975,11,26.76433333,26.86533333,27.85041667
1975,12,26.57548387,26.35806452,27.18870968
1976,1,26.51774194,26.47645161,27.05846774
1976,2,27.03482759,27.83862069,29.47198276
1976,3,27.63741935,28.20548387,30.87016129
1976,4,28.03666667,-11.06333333,31.06
1976,5,27.44677419,27.70645161,29.52903226
1976,6,20.775,25.53666667,26.185
1976,7,24.50096774,24.91419355,26.21572581
1976,8,23.95096774,24.82774194,25.70483871
1976,9,24.80533333,25.54433333,26.49166667
1976,10,25.67387097,25.68548387,26.43064516
1976,11,26.60133333,26.28933333,27.29666667
1976,12,26.87967742,26.11709677,26.24301075
1977,1,26.93483871,26.96354839,27.91451613
1977,2,27.92,28.61214286,29.23303571
1977,3,28.27322581,29.37387097,31.07983871
1977,4,28.11333333,28.95133333,31.82625
1977,5,27.38387097,27.86096774,29.27459677
1977,6,26.06833333,26.26533333,27.34333333
1977,7,25.4,25.38645161,26.43104839
1977,8,24.44677419,24.9,25.63709677
1977,9,25.589,26.03633333,26.18916667
1977,10,26.54677419,26.45903226,27.41653226
1977,11,27.43,27.37466667,27.57791667
1977,12,26.86677419,12.77056452,26.17419355
1978,1,27.56645161,27.94612903,27.6858871
1978,2,28.1925,28.97678571,30.58794643
1978,3,27.84870968,28.09419355,30.77782258
1978,4,27.21933333,27.54166667,29.32791667
1978,5,27.15806452,27.36387097,28.43346774
1978,6,25.72133333,25.89366667,27.04583333
1978,7,24.56806452,24.31580645,25.67137097
1978,8,24.61870968,25.34693548,26.15
1978,9,25.29966667,25.38366667,26.28375
1978,10,26.29032258,26.22354839,27.38951613
1978,11,27.12933333,26.53333333,27.41666667
1978,12,27.40870968,26.91741935,27.41895161
1979,1,27.97064516,27.70032258,28.525
1979,2,28.22714286,28.88607143,29.66116071
1979,3,28.15774194,28.99741935,31.78629032
1979,4,28.093,28.75666667,31.54875
1979,5,27.28290323,27.29709677,28.15524194
1979,6,24.441,26.185,26.6325
1979,7,25.38290323,25.45709677,25.92862903
1979,8,25.67129032,25.73193548,26.36169355
1979,9,26.10466667,26.04533333,26.31708333
1979,10,26.53709677,26.82129032,27.78991935
1979,11,27.14333333,27.05266667,28.44458333
1979,12,27.23193548,26.1083871,26.53467742
1980,1,27.55741935,27.64903226,28.725
1980,2,28.05310345,28.53310345,30.39051724
1980,3,28.02548387,28.51516129,32.02217742
1980,4,28.15633333,28.78866667,31.67208333
1980,5,26.89354839,27.40612903,29.29879032
1980,6,26.46766667,26.545,27.86166667
1980,7,25.14806452,25.40419355,26.85645161
1980,8,25.18064516,25.24774194,25.94112903
1980,9,25.952,26.01266667,26.8
1980,10,26.29064516,26.30516129,27.60524194
1980,11,26.887,26.80033333,27.80416667
1980,12,26.49870968,25.58064516,24.72943548
1981,1,27.12483871,26.02768817,15.05846774
1981,2,28.26964286,28.39404762,30.58392857
1981,3,28.11677419,28.16935484,31.46290323
1981,4,28.27,28.02277778,30.17958333
1981,5,27.0783871,26.77284946,28.92016129
1981,6,26.543,26.11805556,27.95666667
1981,7,25.09580645,24.45134409,26.17782258
1981,8,25.01814516,24.74016129,24.47096774
1981,9,25.76166667,25.50055556,26.56166667
1981,10,26.84483871,26.40510753,25.36895161
1981,11,27.41733333,26.63111111,26.98
1981,12,27.90967742,27.00698925,27.57137097
1982,1,24.57096774,26.94623656,25.81774194
1982,2,28.44196429,28.53630952,29.54821429
1982,3,28.86935484,28.30483871,30.63185484
1982,4,28.2,27.79611111,30.175
1982,5,26.9391129,26.58494624,28.96491935
1982,6,26.13666667,25.87833333,27.33875
1982,7,24.62645161,24.70672043,26.72540323
1982,8,24.14774194,23.97822581,25.8858871
1982,9,25.16791667,25.37527778,25.65875
1982,10,26.37177419,25.95456989,27.45967742
1982,11,27.22666667,26.43527778,27.30583333
1982,12,27.47177419,26.43467742,26.59072581
1983,1,26.02620968,25.99758064,25.27298387
1983,2,28.32142857,29.67928571,30.69151786
1983,3,29.30451613,30.23870968,32.22862903
1983,4,28.86266667,28.92583333,31.07958333
1983,5,28.16572581,28.09032258,29.51693548
1983,6,26.18166667,25.71083333,27.27708333
1983,7,24.92782258,25.08736559,24.62096774
1983,8,24.96129032,24.97795699,26.54596774
1983,9,25.738,24.43111111,26.94222222
1983,10,27.09258065,26.41478495,26.70483871
1983,11,27.65041667,27.03305556,28.13708333
1983,12,27.14290323,26.51424731,24.8858871
1984,1,27.73064516,27.45268817,27.42862903
1984,2,28.44482759,27.37586207,28.33318966
1984,3,28.65612903,28.27967742,31.03225806
1984,4,28.10066667,27.86111111,30.93333333
1984,5,27.73774194,26.99005376,27.06290323
1984,6,26.68791667,25.50375,23.10625
1984,7,26.09233871,24.96290323,23.53951613
1984,8,25.54193548,25.42715054,26.57419355
1984,9,25.603,25.20944445,26.25888889
1984,10,26.61935484,26.10672043,27.75201613
1984,11,27.497,26.96416667,28.72708333
1984,12,27.23677419,25.67956989,25.96532258
1985,1,27.3483871,26.16032258,28.35887097
1985,2,28.03035714,27.66178571,29.14464286
1985,3,21.63709677,27.24322581,30.94959677
1985,4,25.58166667,27.72388889,28.15333333
1985,5,25.92150538,26.56451613,29.63024194
1985,6,25.14833333,25.54444444,27.68416667
1985,7,24.60241935,24.66290323,25.6625
1985,8,24.95806452,25.10887097,25.7858871
1985,9,26.1575,25.01638889,25.88222222
1985,10,27.03870968,26.24731183,27.98172043
1985,11,27.63041667,26.76333333,28.50777778
1985,12,21.73010753,25.22930108,26.01236559
1986,1,25.19516129,26.81344086,13.56008065
1986,2,28.01142857,26.59613095,30.66026786
1986,3,27.80322581,27.17741936,31.58508065
1986,4,28.52533333,28.356,31.50583333
1986,5,27.71322581,27.04543011,30.10241935
1986,6,26.14233333,25.70305556,27.42291667
1986,7,24.82056452,24.55860215,25.97540323
1986,8,24.52,24.62849462,25.89274194
1986,9,25.413,25.23888889,26.12416667
1986,10,26.19798387,25.59112903,27.55403226
1986,11,24.19458333,26.40166667,27.00791667
1986,12,26.0716129,25.61532258,25.54758065
1987,1,27.59677419,27.74784946,28.32137097
1987,2,28.08321429,28.18928571,30.88303571
1987,3,28.24870968,28.34301075,31.35645161
1987,4,29.26133333,28.92166667,32.635
1987,5,28.24903226,27.80806452,31.19274194
1987,6,21.24033333,26.58277778,27.90833333
1987,7,26.15548387,25.97311828,27.07056452
1987,8,25.93774194,25.60295699,26.50564516
1987,9,25.981,26.04444444,27.11083333
1987,10,26.5716129,26.44569892,27.85604839
1987,11,27.84733333,27.87638889,28.61958333
1987,12,27.13419355,26.68037634,27.35725806
1988,1,27.32548387,27.06075269,27.53064516
1988,2,28.49310345,29.46724138,30.36637931
1988,3,28.07322581,28.55456989,32.73306452
1988,4,28.29833333,28.31305556,31.39708333
1988,5,27.89596774,27.84086021,30.59032258
1988,6,26.22566667,26.01388889,27.06833333
1988,7,25.44451613,24.98682796,25.9375
1988,8,24.83483871,24.68790323,25.78991935
1988,9,25.37791667,25.40444444,26.44541667
1988,10,26.46677419,26.38870968,28.22903226
1988,11,27.15166667,27.06888889,28.31375
1988,12,26.91935484,25.72876344,26.29435484
1989,1,26.40516129,26.31102151,26.06169355
1989,2,28.11464286,28.43125,28.69151786
1989,3,27.89645161,28.42419355,30.5516129
1989,4,28.076,28.01805556,31.8175
1989,5,27.41677419,27.40430108,30.58346774
1989,6,26.34666667,25.95777778,27.14208333
1989,7,25.93451613,25.29596774,26.34475806
1989,8,25.24032258,24.9422043,25.90362903
1989,9,25.42366667,25.15555555,26.175
1989,10,26.39451613,25.93198925,27.35645161
1989,11,27.905,27.52805556,28.42583333
1989,12,27.53741935,26.66344086,27.02741935
1990,1,27.27870968,27.35591398,27.9233871
1990,2,27.4625,28.15089286,29.32276786
1990,3,29.02,29.99865591,31.65080645
1990,4,28.04533333,28.13861111,31.66583333
1990,5,27.42258065,27.17473118,29.7608871
1990,6,26.75233333,26.51472222,27.95791667
1990,7,25.07419355,24.79301075,26.30040323
1990,8,24.47580645,24.97795699,26.36169355
1990,9,25.82633333,25.49194444,26.60125
1990,10,26.90612903,26.24919355,28.38346774
1990,11,27.79166667,27.15166667,29.62416667
1990,12,27.1483871,26.12688172,28.525
1991,1,27.76580645,26.94731183,28.33306452
1991,2,28.20571429,28.55327381,31.27857143
1991,3,28.43709677,28.3733871,31.82258065
1991,4,27.36666667,27.49638889,30.40166667
1991,5,27.42387097,27.0061828,27.86330645
1991,6,27.09833333,26.67388889,27.93666667
1991,7,25.77483871,25.34919355,26.46733871
1991,8,24.99258065,24.80672043,26.07580645
1991,9,25.921,25.82166667,27.17708333
1991,10,25.90548387,25.57204301,27.36451613
1991,11,27.16,26.57694444,27.94791667
1991,12,27.35193548,26.28387097,26.78024194
1992,1,26.8916129,26.71209677,26.57862903
1992,2,28.57862069,29.2137931,30.05431034
1992,3,28.51870968,29.07123656,32.04596774
1992,4,28.53833333,28.14916667,31.49916667
1992,5,27.45903226,27.19596774,28.9608871
1992,6,26.083,25.42861111,27.035
1992,7,24.98322581,24.50376344,25.90604839
1992,8,24.79612903,24.42983871,25.84435484
1992,9,24.887,25.15638889,26.41625
1992,10,26.79677419,26.3483871,28.05362903
1992,11,27.069,21.36722222,27.43916667
1992,12,27.56483871,26.61236559,27.27862903
1993,1,26.82258065,26.49865591,26.30766129
1993,2,28.08464286,28.90684524,30.04375
1993,3,27.59903226,27.77715054,30.91048387
1993,4,27.96366667,27.85305556,31.46583333
1993,5,28.10387097,27.67795699,29.9483871
1993,6,26.638,26.22555556,28.34208333
1993,7,25.26774194,24.92043011,26.32379032
1993,8,25.06354839,24.74811828,26.27741935
1993,9,26.20866667,25.39583333,26.44208333
1993,10,27.29064516,26.51451613,28.18991935
1993,11,27.68633333,26.99805556,29.79041667
1993,12,27.75096774,26.23306452,27.66451613
1994,1,27.23290323,26.75376344,27.13266129
1994,2,28.47785714,28.69196429,29.04508929
1994,3,28.22516129,28.70241936,31.82540323
1994,4,28.24833333,27.84055556,31.86125
1994,5,27.50774194,26.98145161,29.03991935
1994,6,26.42266667,25.85388889,27.39291667
1994,7,25.33709677,25.1360215,26.68024194
1994,8,25.24032258,25.11451613,24.74637097
1994,9,25.64333333,25.53527778,26.85916667
1994,10,26.34580645,25.91532258,27.30604839
1994,11,27.38033333,26.81805556,27.4075
1994,12,27.45354839,26.43575269,26.5141129
1995,1,27.30483871,27.01155914,26.50483871
1995,2,28.7275,29.37678571,29.14419643
1995,3,27.99129032,28.69758064,32.19879032
1995,4,28.59466667,28.12666667,31.54875
1995,5,27.94290323,27.37930107,29.82217742
1995,6,26.79933333,26.32555556,28.29125
1995,7,26.00806452,25.55887097,26.92943548
1995,8,25.90451613,25.4061828,26.16290323
1995,9,26.00366667,25.75305555,27.125
1995,10,26.78903226,26.22473118,28.00483871
1995,11,27.60966667,26.99833333,28.16416667
1995,12,27.81677419,26.50080645,28.22419355
1996,1,27.78580645,27.20860215,28.71612903
1996,2,28.4262069,28.2816092,31.18448276
1996,3,28.48419355,28.43602151,24.60120968
1996,4,28.35033333,28.04972222,31.32833333
1996,5,27.54225806,27.59112903,29.96680108
1996,6,26.314,26.0525,27.40680556
1996,7,25.79096774,25.40241936,26.67701613
1996,8,25.15548387,25.00510753,19.31129032
1996,9,25.191,25.44916667,26.32375
1996,10,26.6483871,25.96424731,27.46733871
1996,11,27.534,27.22,27.155
1996,12,27.33419355,26.84435484,27.75443548
1997,1,27.55548387,27.51129032,28.78266129
1997,2,28.2875,28.53839286,29.06205357
1997,3,27.85419355,28.78790323,31.56814516
1997,4,27.60333333,27.49166667,30.645
1997,5,27.24903226,27.17473118,28.97620968
1997,6,26.10666667,25.91833333,27.0075
1997,7,24.98870968,24.89435484,26.49637097
1997,8,24.9416129,24.95295699,26.91290323
1997,9,26.51066667,26.13638889,27.295
1997,10,27.29709677,26.91801075,28.28629032
1997,11,27.755,27.35611111,28.75291667
1997,12,27.87967742,27.20994624,27.78548387
1998,1,27.85258065,27.28790323,27.86693548
1998,2,29.51928571,29.36428571,31.34553571
1998,3,30.04096774,30.68091398,32.65362903
1998,4,29.672,29.44972222,32.97
1998,5,28.15387097,28.01236559,30.48709677
1998,6,27.101,26.53611111,28.15625
1998,7,25.93580645,25.5172043,27.30604839
1998,8,25.14516129,24.92419355,25.30967742
1998,9,26.24066667,25.88305555,26.51083333
1998,10,27.24645161,26.47150538,28.13709677
1998,11,28.23733333,27.68222222,29.03916667
1998,12,28.01451613,27.18037634,28.0641129
1999,1,27.83677419,27.7561828,28.52580645
1999,2,28.05178571,27.86875,29.29821429
1999,3,28.49419355,26.20322581,32.53145161
1999,4,28.15966667,27.81055556,31.23333333
1999,5,27.82935484,27.44645161,30.14516129
1999,6,26.92966667,26.61083333,28.21666667
1999,7,26.02741935,25.45548387,26.5641129
1999,8,25.21548387,25.27032258,26.1733871
1999,9,25.483,25.44272222,26.21375
1999,10,26.44645161,25.84978495,27.275
1999,11,27.64066667,27.01316667,28.9475
1999,12,28.07580645,26.91908602,27.16975806
2000,1,27.59451613,27.51290323,29.04435484
2000,2,28.14413793,27.97241379,28.15387931
2000,3,28.89419355,29.3322043,31.45201613
2000,4,24.98966667,28.26022222,31.8325
2000,5,27.86258065,27.69569893,30.01612903
2000,6,26.63733333,26.16538889,27.25625
2000,7,25.47903226,25.09715054,26.5391129
2000,8,25.21290323,24.86994624,26.2483871
2000,9,25.93933333,25.50716667,26.40291667
2000,10,26.92806452,26.44225806,27.86048387
2000,11,27.94733333,27.41222222,28.93791667
2000,12,27.64354839,26.76129032,24.65524194
2001,1,27.53935484,27.50494624,27.64354839
2001,2,28.60535714,28.94654762,29.33169643
2001,3,28.52290323,28.75010753,32.54435484
2001,4,28.10366667,27.92605556,31.65125
2001,5,27.86967742,27.85322581,29.79395161
2001,6,26.59633333,26.44944444,27.92
2001,7,25.74419355,25.46290323,26.96532258
2001,8,24.77548387,24.74586021,26.23064516
2001,9,25.54833333,25.14877778,26.65416667
2001,10,27.1683871,26.86510753,29.0016129
2001,11,27.95266667,25.48027778,29.48333333
2001,12,28.2883871,28.02930108,28.93508065
2002,1,27.67645161,27.47231183,27.78575269
2002,2,28.7125,29.44464286,30.08556548
2002,3,28.65870968,29.01209677,33.1327957
2002,4,28.40066667,26.70944444,31.87611111
2002,5,28.28580645,27.47365591,30.4
2002,6,26.5,20.77777778,28.39833333
2002,7,25.75290323,18.44946237,27.37715054
2002,8,25.14354839,24.83145161,26.30094086
2002,9,25.68366667,25.6775,26.92166667
2002,10,26.90645161,26.41612903,28.06827957
2002,11,27.86466667,27.27055556,28.87680556
2002,12,27.74967742,26.67365591,27.75456989
2003,1,27.9583871,27.6466129,28.40080645
2003,2,28.78392857,29.10738095,31.49508929
2003,3,29.13612903,29.51451613,32.20698925
2003,4,28.18166667,27.88416667,31.00972222
2003,5,28.17774194,28.03629032,30.29516129
2003,6,26.44433333,26.03055556,27.22402778
2003,7,25.7416129,25.46881721,26.8641129
2003,8,25.28903226,25.23037634,26.57473118
2003,9,26.507,26.06138889,26.89583333
2003,10,20.64225806,26.91612903,28.66048387
2003,11,27.9805,27.20388889,29.055
2003,12,23.84225806,26.61370968,27.84556452
2004,1,23.02870968,27.47526882,28.54395161
2004,2,28.77310345,28.64683908,30.39051724
2004,3,29.34935484,28.88924731,31.31693548
2004,4,28.547,28.07222222,30.77125
2004,5,27.76032258,27.12741936,28.97983871
2004,6,26.31766667,25.97305556,27.09333333
2004,7,25.37677419,25.06693548,26.30604839
2004,8,25.15709677,24.96505376,26.27701613
2004,9,26.42233333,25.76111111,26.5
2004,10,27.04451613,26.59811828,28.80080645
2004,11,28.032,27.25861111,22.78041667
2004,12,28.37612903,27.41935484,29.13387097
2005,1,27.2316129,26.38413978,27.36451613
2005,2,29.31357143,29.43422619,32.08883929
2005,3,28.87,28.78844086,32.86290323
2005,4,29.267,28.61944444,31.91291667
2005,5,27.76967742,27.4266129,30.02217742
2005,6,26.54633333,26.06055556,27.82875
2005,7,25.6516129,25.06048387,26.62862903
2005,8,24.89483871,24.5938172,26.35766129
2005,9,26.519,25.99555556,27.15291667
2005,10,27.31645161,26.69274194,26.11814516
2005,11,28.16233333,27.40972222,29.16277778
2005,12,28.29935484,27.0844086,28.63454301
2006,1,28.05741935,27.72607527,29.26317204
2006,2,28.735,28.56071429,30.934375
2006,3,28.83354839,28.22177419,32.89448925
2006,4,29.25733333,28.69472222,30.39041667
2006,5,27.56387097,27.26102151,29.67943548
2006,6,27.08333333,26.63472222,28.45583333
2006,7,26.36548387,25.80188172,27.41169355
2006,8,25.7083871,25.4327957,26.74905914
2006,9,26.273,25.7725,26.57194444
2006,10,27.26548387,26.72983871,27.17741935
2006,11,28.116,27.28583333,27.89625
2006,12,28.27387097,27.03844086,27.1561828
2007,1,27.41,27.07634409,26.93561828
2007,2,29.03,29.19404762,30.76577381
2007,3,28.97,29.38010753,32.44637097
2007,4,28.629,28.06,30.74527778
2007,5,28.27612903,27.47715054,29.20282258
2007,6,26.54933333,26.37722222,28.30902778
2007,7,25.99387097,25.64784946,27.43938172
2007,8,25.73193548,25.18897849,25.99099462
2007,9,26.07166667,25.855,26.78791667
2007,10,26.68645161,26.32741936,28.34274194
2007,11,27.714,27.09694445,29.27444445
2007,12,28.00741935,27.10188172,27.80483871
2008,1,26.89451613,26.24086021,25.63709677
2008,2,28.76172414,28.96522989,27.20474138
2008,3,28.64032258,28.74155914,31.84758065
2008,4,28.33466667,28.14305556,31.50666667
2008,5,27.71290323,27.42263441,29.98830645
2008,6,26.877,26.48405556,27.96833333
2008,7,26.50903226,25.60505376,26.71008065
2008,8,25.88677419,25.45284946,26.10766129
2008,9,26.29333333,26.05911111,26.715
2008,10,27.52645161,26.91091398,27.99475806
2008,11,28.11966667,27.74877778,28.4825
2008,12,28.29419355,27.4544086,28.64475806
2009,1,27.76225806,27.31478495,27.20362903
2009,2,28.59964286,28.73309524,31.53794643
2009,3,28.82580645,28.7227957,32.47298387
2009,4,28.231,27.91894445,30.71375
2009,5,28.07806452,27.86225806,29.87903226
2009,6,26.827,26.66433333,28.07708333
2009,7,25.92677419,25.42516129,26.6125
2009,8,25.23322581,25.25322581,26.35927419
2009,9,25.98433333,26.02511111,26.82625
2009,10,27.03451613,26.69854839,27.77943548
2009,11,28.09933333,27.24405556,28.33041667
2009,12,28.56741935,27.80467742,28.23951613
2010,1,28.66709677,28.25978495,28.64717742
2010,2,29.7452381,29.52238095,31.634375
2010,3,29.5516129,29.25048387,32.88266129
2010,4,29.46233333,29.06294444,31.77708333
2010,5,28.64709677,28.21903226,30.17822581
2010,6,27.17266667,27.01294444,28.13916667
2010,7,26.21225806,25.88473118,26.81814516
2010,8,25.95387097,25.78596774,26.67056452
2010,9,26.49133333,26.03244445,26.57111111
2010,10,27.33483871,26.89715054,27.69516129
2010,11,27.66566667,27.28038889,28.88208333
2010,12,28.22064516,27.62096774,27.53104839
2011,1,27.98032258,27.16994624,27.77379032
2011,2,28.01383929,28.48404762,30.66607143
2011,3,28.88467742,28.65043011,32.29758065
2011,4,28.67625,28.79322222,31.90875
2011,5,28.03870968,28.02446237,30.00927419
2011,6,26.98666667,26.803,28.3375
2011,7,25.81169355,25.6122043,27.04677419
2011,8,25.14314516,25.40913978,26.29516129
2011,9,26.11666667,26.147,26.99694444
2011,10,26.54301075,26.68370968,28.29005376
2011,11,27.97958333,27.87311111,29.12388889
2011,12,17.08903226,27.34516129,19.3516129
2012,1,27.57330645,27.4783871,27.44112903
2012,2,27.70758621,28.40528736,30.41422414
2012,3,29.04129032,29.145,32.22540323
2012,4,28.45066667,28.14805556,30.69541667
2012,5,27.59935484,25.60403226,28.89354839
2012,6,26.311,26.36433333,27.93652778
2012,7,25.76505376,25.43870968,26.47150538
2012,8,16.15741935,24.85120968,26.31290323
2012,9,26.31472222,25.93583333,26.42416667
2012,10,27.32446237,25.97741935,28.44032258
2012,11,28.58611111,26.745,NA
2012,12,28.2058871,27.31075269,28.42607527
2013,1,28.24112903,28.04467742,27.87392473
2013,2,29.00508929,29.30357143,30.26770833
2013,3,29.21274194,28.54634409,29.99892473
2013,4,28.72816667,28.41344444,22.02472222
2013,5,27.93459677,27.24741935,29.25564516
2013,6,26.79902778,25.78958333,28.32986111
2013,7,25.5858871,24.95016129,26.91129032
2013,8,24.99967742,24.72795699,25.96693548
2013,9,26.016,25.86861111,26.62875
2013,10,27.15096774,22.94650538,27.91801075
2013,11,28.04308333,14.615,29.11333333
2013,12,27.72137097,26.82741935,27.9266129
2014,1,28.13185484,27.82483871,28.79139785
2014,2,27.88883929,25.73973214,30.76815476
2014,3,28.43983871,28.9061828,31.59758065
2014,4,28.578,28.56222222,19.88833333
2014,5,28.05658602,27.83516129,29.95860215
2014,6,26.91091667,26.84222222,28.61666667
2014,7,25.85564516,25.57365591,27.72043011
2014,8,25.15532258,25.33709677,26.7983871
2014,9,25.96008333,25.7715,26.20833333
2014,10,26.91182796,23.72123656,28.54569892
2014,11,27.75491667,27.36691667,29.48777778
2014,12,28.17758065,27.62188172,28.08602151
2015,1,27.39475806,27.46553763,27.47795699
2015,2,28.54940476,28.7775,31.15654762
2015,3,28.71629032,29.27634409,31.89408602
2015,4,29.07933333,28.86372222,32.465
2015,5,28.47830645,28.43274194,31.58333333
2015,6,26.65975,26.85916667,29.28277778
2015,7,26.1,26.23795699,27.65913979
2015,8,25.74408602,25.72991935,26.63709677
2015,9,26.15508333,26.80675,27.18277778
2015,10,27.31693548,27.48295699,28.64032258
2015,11,28.01558333,27.91175,29.21791667
2015,12,28.06120968,27.39387097,17.12473118
2016,1,28.32572581,28.5388172,27.98010753
2016,2,27.12298851,30.30695402,30.48333333
2016,3,29.03016129,29.80903226,32.24448925
2016,4,29.22716667,29.21138889,32.36666667
2016,5,28.33314516,28.35,30.91048387
2016,6,26.84483333,26.78975,28.92583333
2016,7,25.98774194,26.24072581,26.69677419
2016,8,25.49887097,25.77451613,27.04892473
2016,9,26.50616667,26.43183333,27.06555556
2016,10,27.52645161,27.30612903,28.64462366
2016,11,28.747,28.79591667,29.92555556
2016,12,28.55129032,27.96903226,29.11505376
