Year,Month,Coastal Tmax,Middle Tmax,Northern Tmax
1960,1,30.96903226,32.37177419,34.87903226
1960,2,31.28689655,34.64224138,37.67586207
1960,3,31.3883871,33.6483871,37.06854839
1960,4,30.82733333,31.89666667,35.54833333
1960,5,30.54451613,32.03387097,34.43467742
1960,6,28.61,29.76916667,31.155
1960,7,28.00774194,28.7733871,29.89596774
1960,8,27.34387097,28.32016129,30.01209677
1960,9,28.24533333,29.59083333,30.35333333
1960,10,29.47677419,30.39112903,32.75564516
1960,11,31.09466667,32.33416667,35.41
1960,12,30.91354839,31.88387097,34.18467742
1961,1,30.73354839,33.125,34.95725806
1961,2,31.52285714,35.44017857,36.11696429
1961,3,31.95290323,35.7233871,37.69596774
1961,4,31.42866667,32.94,35.2
1961,5,31.31935484,32.08467742,34.21451613
1961,6,28.80466667,29.45583333,30.78583333
1961,7,27.4316129,27.5516129,29.13306452
1961,8,26.93870968,27.72983871,29.12741935
1961,9,27.79866667,29.0275,30.0175
1961,10,30.02258065,31.06854839,34.09193548
1961,11,31.17333333,31.65833333,35.92416667
1961,12,31.18967742,32.15,34.94112903
1962,1,31.36129032,33.68629032,35.05483871
1962,2,32.1,35.32678571,36.95625
1962,3,31.47612903,33.67983871,37.59274194
1962,4,31.872,32.80416667,35.56
1962,5,30.97483871,31.14677419,33.90322581
1962,6,28.27133333,28.63833333,30.4575
1962,7,28.30322581,28.36048387,29.79758065
1962,8,27.26387097,27.65241935,28.64354839
1962,9,27.75733333,28.9925,29.80916667
1962,10,29.59483871,30.67822581,32.19919355
1962,11,30.82466667,31.2425,33.93833333
1962,12,31.4083871,31.17311828,34.42258065
1963,1,31.15677419,31.94919355,35.93387097
1963,2,31.36357143,33.13839286,37.04732143
1963,3,32.27483871,33.28306452,36.24274194
1963,4,31.50066667,32.60833333,35.1825
1963,5,31.01032258,31.50887097,33.2983871
1963,6,29.97133333,30.24166667,32.125
1963,7,28.46258065,29.45483871,30.37016129
1963,8,28.52258065,28.93467742,29.69516129
1963,9,28.466,30.16416667,30.70416667
1963,10,30.19870968,30.52903226,31.84758065
1963,11,31.502,32.24666667,34.28333333
1963,12,31.37822581,32.20564516,35.18629032
1964,1,31.24774194,30.63290323,34.76451613
1964,2,32.05310345,34.95241379,37.34913793
1964,3,32.17870968,33.94967742,37.25
1964,4,31.77466667,32.87,35.79
1964,5,30.72322581,30.68645161,33.96290323
1964,6,28.75533333,29.89133333,31.23666667
1964,7,27.67483871,27.97354839,29.88790323
1964,8,27.64193548,27.68903226,28.87903226
1964,9,27.796,28.82,29.52916667
1964,10,28.53096774,29.78774194,32.69919355
1964,11,30.41133333,30.95133333,34.6675
1964,12,30.55870968,30.5683871,34.14032258
1965,1,30.59677419,32.15548387,34.22903226
1965,2,30.84714286,33.235,36.94642857
1965,3,31.22,33.69741935,38.00322581
1965,4,31.51066667,32.71933333,35.89416667
1965,5,31.17548387,31.72967742,33.43629032
1965,6,28.934,29.75533333,30.96333333
1965,7,27.2683871,28.54451613,30.2733871
1965,8,27.45725806,28.18516129,29.43951613
1965,9,28.47666667,29.54933333,30.215
1965,10,29.82709677,30.98645161,32.9483871
1965,11,31.30266667,32.03266667,35.43333333
1965,12,30.84774194,30.53548387,34.50645161
1966,1,31.09548387,32.87483871,35.92903226
1966,2,31.81071429,34.18,36.82053571
1966,3,31.93806452,33.88193548,37.81532258
1966,4,31.36333333,32.95866667,36.02833333
1966,5,31.27483871,32.00129032,34.46129032
1966,6,28.85466667,30.05666667,31.00916667
1966,7,28.99806452,29.61935484,30.73387097
1966,8,27.54774194,28.19032258,29.36854839
1966,9,28.16066667,29.35533333,30.16166667
1966,10,30.00516129,30.78193548,32.50967742
1966,11,31.26266667,31.992,35.27583333
1966,12,31.52774194,31.84709677,35.13790323
1967,1,31.42016129,32.39548387,34.55591398
1967,2,31.90571429,34.31,37.08214286
1967,3,31.41483871,33.34193548,36.27956989
1967,4,31.44666667,32.71266667,34.64555556
1967,5,30.84645161,31.48129032,33.49892473
1967,6,28.61333333,29.616,30.70222222
1967,7,27.29483871,28.11483871,29.39247312
1967,8,26.6,27.50645161,28.63870968
1967,9,27.472,28.67066667,29.68666667
1967,10,29.04451613,30.32193548,32.50860215
1967,11,30.73533333,31.88,34.93777778
1967,12,30.75935484,31.37290323,34.09354839
1968,1,30.36645161,32.2,34.39569892
1968,2,31.22689655,33.66482759,35.9908046
1968,3,30.25741935,32.99032258,35.83655914
1968,4,31.43266667,32.18666667,33.71333333
1968,5,30.79741935,31.76967742,33.61075269
1968,6,29.09066667,29.902,30.63444444
1968,7,28.12129032,28.92645161,29.75053763
1968,8,27.66709677,28.8083871,30.09247312
1968,9,28.34733333,29.206,29.99555556
1968,10,30.06967742,30.84193548,32.78387097
1968,11,30.732,31.24133333,34.05555556
1968,12,30.90709677,31.54516129,35.24086021
1969,1,31.11290323,32.54129032,35.76129032
1969,2,32.38571429,34.46214286,38.11666667
1969,3,32.20774194,33.60580645,37.68172043
1969,4,32.30333333,33.338,35.29
1969,5,31.25032258,32.37354839,34.42903226
1969,6,29.05333333,30.066,32.29111111
1969,7,26.72451613,28.19032258,30.1516129
1969,8,27.20967742,28.10903226,28.91075269
1969,9,27.716,29.09666667,30.05666667
1969,10,29.05677419,30.14451613,31.84086022
1969,11,30.892,31.57,33.66111111
1969,12,31.14903226,31.67354839,35.72150538
1970,1,-1.923870968,32.21032258,36.40403226
1970,2,29.93785714,34.25071429,37.57410714
1970,3,31.83935484,33.42903226,38.61209677
1970,4,31.05666667,33.07333333,37.56
1970,5,30.88516129,31.36258065,33.79516129
1970,6,29.22066667,30.54333333,33.51
1970,7,27.86258065,28.59032258,30.36451613
1970,8,27.13096774,28.56903226,28.83387097
1970,9,17.404,29.09266667,29.66416667
1970,10,30.29032258,30.94387097,33.87903226
1970,11,31.23133333,31.67133333,35.60583333
1970,12,31.42645161,31.73870968,34.64032258
1971,1,31.07419355,32.55806452,34.95241935
1971,2,31.15785714,33.27214286,36.89821429
1971,3,30.67483871,32.83741935,36.75241935
1971,4,31.606,31.42866667,35.81916667
1971,5,31.46903226,32.08967742,33.96370968
1971,6,28.94266667,29.80333333,31.5925
1971,7,28.14580645,28.5916129,29.65483871
1971,8,26.97290323,27.81548387,28.98306452
1971,9,27.99666667,28.68533333,30.08416667
1971,10,29.69935484,30.54451613,33.12419355
1971,11,31.02666667,31.974,35.635
1971,12,30.6716129,31.12,33.81209677
1972,1,31.06193548,32.58903226,35.3983871
1972,2,31.75724138,32.19310345,37.49396552
1972,3,31.74903226,33.22967742,37.35645161
1972,4,31.306,32.01133333,34.90333333
1972,5,30.75806452,31.40709677,33.39435484
1972,6,29.20733333,29.64,31.1675
1972,7,27.67096774,28.87419355,30.79112903
1972,8,26.78645161,28.3683871,29.98306452
1972,9,28.12866667,29.728,30.79666667
1972,10,30.18258065,30.77677419,32.72258065
1972,11,31.41533333,32.198,35.18916667
1972,12,31.47483871,31.88064516,34.81048387
1973,1,31.63096774,33.57741935,35.93548387
1973,2,32.73357143,35.08642857,38.47857143
1973,3,32.44,34.79225806,38.1766129
1973,4,32.40733333,33.43333333,37.52
1973,5,31.53290323,32.92,35.20645161
1973,6,29.49866667,30.17466667,32.23416667
1973,7,28.62516129,29.50064516,31.00080645
1973,8,28.03483871,28.85935484,31.31612903
1973,9,28.69133333,29.28333333,30.44583333
1973,10,30.29290323,30.99096774,33.93387097
1973,11,32.03733333,32.50066667,35.69666667
1973,12,31.19225806,31.96903226,35.44758065
1974,1,31.15741935,32.1916129,33.73064516
1974,2,31.73928571,34.29857143,36.70803571
1974,3,32.10129032,33.44774194,37.44596774
1974,4,31.90666667,32.88933333,36.62833333
1974,5,30.39935484,31.31935484,34.76129032
1974,6,28.59266667,30.12,32.66333333
1974,7,27.82451613,28.58516129,29.44596774
1974,8,27.84129032,29.13612903,29.525
1974,9,27.58133333,28.72133333,29.8275
1974,10,29.15483871,30.5916129,16.72016129
1974,11,30.748,31.988,34.77416667
1974,12,30.39419355,31.53419355,34.13629032
1975,1,31.12258065,33.21419355,33.96693548
1975,2,31.15928571,33.93285714,36.84375
1975,3,31.27548387,33.7483871,37.58709677
1975,4,31.4775,28.004,35.37666667
1975,5,30.48,31.32387097,33.55403226
1975,6,29.00266667,30.266,32.10083333
1975,7,27.79032258,28.68516129,29.40403226
1975,8,25.68193548,27.68193548,29.82096774
1975,9,27.50666667,29.222,29.915
1975,10,29.38709677,30.66645161,32.87016129
1975,11,30.34533333,31.64733333,35.5025
1975,12,30.45290323,31.66903226,35.12258065
1976,1,30.58645161,32.77612903,34.57177419
1976,2,30.67172414,33.37310345,36.27327586
1976,3,31.37096774,33.49548387,37.69919355
1976,4,31.975,-8.533333333,37.25166667
1976,5,30.82096774,31.95483871,34.71290323
1976,6,23.59583333,29.11833333,30.5575
1976,7,26.83806452,28.38903226,30.21612903
1976,8,26.48580645,28.55290323,29.7483871
1976,9,27.48,29.57266667,31.12583333
1976,10,28.36064516,29.46645161,31.12177419
1976,11,29.964,31.03133333,33.565
1976,12,30.26967742,31.50451613,34.89032258
1977,1,30.16645161,32.06903226,35.61854839
1977,2,31.17928571,34.37,36.91339286
1977,3,31.66387097,34.92645161,37.71290323
1977,4,31.36733333,34.156,37.54166667
1977,5,30.60709677,32.54774194,34.2233871
1977,6,28.57133333,30.19533333,31.75083333
1977,7,27.94709677,28.92709677,30.4266129
1977,8,26.96903226,28.46516129,29.35887097
1977,9,28.254,30.00133333,30.475
1977,10,29.62451613,30.86258065,33.04677419
1977,11,31.06466667,32.68533333,35.86916667
1977,12,30.68709677,17.70080645,33.99919355
1978,1,31.02967742,33.76709677,35.80887097
1978,2,31.59857143,34.66785714,38.12053571
1978,3,31.22645161,33.20064516,36.73145161
1978,4,30.70466667,32.13333333,34.37416667
1978,5,30.26774194,31.82580645,33.33467742
1978,6,28.41066667,29.73933333,31.535
1978,7,27.34129032,28.32064516,29.41451613
1978,8,27.11806452,29.2116129,30.30322581
1978,9,27.96733333,29.45266667,30.92666667
1978,10,29.21741935,30.45612903,32.72822581
1978,11,30.66066667,31.59466667,34.56916667
1978,12,30.84451613,31.70516129,35.43306452
1979,1,31.40774194,32.77096774,36.39758065
1979,2,31.71071429,34.85071429,37.85892857
1979,3,31.71677419,34.72,38.11935484
1979,4,31.478,33.86,37.32916667
1979,5,30.8,31.92903226,33.46532258
1979,6,27.10666667,29.976,30.68583333
1979,7,27.63677419,28.85225806,29.83870968
1979,8,27.95032258,29.16387097,30.18387097
1979,9,28.73333333,30.062,30.79
1979,10,29.58064516,31.13548387,33.11370968
1979,11,30.58266667,31.61466667,35.38666667
1979,12,30.90387097,31.6283871,34.38387097
1980,1,30.87677419,32.72903226,36.32580645
1980,2,31.48413793,33.94482759,37.41551724
1980,3,31.52903226,33.74322581,38.68951613
1980,4,31.634,33.79933333,37.57416667
1980,5,30.07741935,31.79419355,34.29274194
1980,6,28.82,30.28,32.35583333
1980,7,27.45677419,28.76387097,30.94758065
1980,8,27.63483871,28.70580645,29.7516129
1980,9,28.58333333,29.94733333,31.27166667
1980,10,29.37419355,30.49419355,32.86451613
1980,11,30.41933333,31.47133333,34.37666667
1980,12,30.76193548,31.25548387,32.28709677
1981,1,30.90903226,32.57741935,11.88951613
1981,2,31.63857143,33.65,37.98214286
1981,3,31.70064516,33.36182796,37.96532258
1981,4,31.73533333,32.78111111,35.87583333
1981,5,30.19677419,30.9155914,33.87177419
1981,6,29.40666667,30.10111111,32.89166667
1981,7,27.28516129,27.52580645,29.9766129
1981,8,27.475,27.88225806,27.80967742
1981,9,28.43533333,29.36944445,31.22583333
1981,10,30.14129032,30.98225806,30.19435484
1981,11,31.53466667,31.69611111,34.72083333
1981,12,31.47225806,31.75053763,36.47419355
1982,1,32.08870968,33.41451613,33.90725806
1982,2,32.08303571,34.22380952,36.43303571
1982,3,32.69354839,33.5811828,36.79516129
1982,4,31.675,32.46888889,35.46416667
1982,5,30.09677419,30.84462366,33.775
1982,6,28.62,29.655,31.73666667
1982,7,26.82,28.04086022,31.06048387
1982,8,26.62129032,27.37526882,29.74112903
1982,9,28.1175,29.21222222,31.33333333
1982,10,29.31048387,30.24193548,32.86612903
1982,11,30.71166667,31.05111111,34.71416667
1982,12,31.125,31.75430107,34.54435484
1983,1,31.34758065,32.73010753,32.43870968
1983,2,32.07285714,36.09785714,37.97232143
1983,3,32.6316129,36.14731183,39.1983871
1983,4,32.33533333,34.17833333,36.88833333
1983,5,31.14274194,32.57741935,34.38548387
1983,6,28.48133333,29.22833333,31.42333333
1983,7,27.39919355,28.5983871,28.64193548
1983,8,27.59354839,28.67419355,30.48548387
1983,9,28.408,27.17888889,31.39888889
1983,10,30.28451613,30.86129032,34.00483871
1983,11,31.00416667,31.65944444,36.34166667
1983,12,30.57032258,31.3688172,32.22741935
1984,1,31.24258065,33.37688172,35.05645161
1984,2,32.32896552,33.80574713,35.85
1984,3,32.18645161,33.41806452,36.63387097
1984,4,31.556,32.56722222,36.34
1984,5,31.14258065,31.50967742,32.13629032
1984,6,29.84416667,29.66166667,27.7225
1984,7,29.26370968,29.17419355,27.87741935
1984,8,28.21806452,29.28602151,31.15913978
1984,9,28.50666667,29.2,30.74555556
1984,10,29.99612903,30.46021505,33.275
1984,11,31.222,31.68055555,35.8275
1984,12,31.41225806,31.03817204,33.83951613
1985,1,31.00967742,32.62258065,35.88145161
1985,2,31.88214286,34.345,36.35535714
1985,3,23.62688172,32.96967742,36.6016129
1985,4,30.585,32.46777778,33.83666667
1985,5,29.17204301,31.21032258,34.73548387
1985,6,27.9225,29.22,32.11583333
1985,7,26.86935484,28.32688172,29.59596774
1985,8,27.2266129,28.60537634,29.55483871
1985,9,29.205,28.83277778,30.07888889
1985,10,30.66344086,30.81290323,33.94193548
1985,11,31.35,31.38222222,36.08888889
1985,12,26,30.7483871,33.30967742
1986,1,30.58709677,33.3172043,20.72983871
1986,2,31.41285714,30.34285714,37.98392857
1986,3,31.24596774,31.69086022,37.94516129
1986,4,32.03533333,33.326,37.23916667
1986,5,31.32129032,31.57473118,35.45241935
1986,6,29.05533333,29.75555556,31.91666667
1986,7,27.14112903,27.80376344,29.85725806
1986,8,27.18451613,28.23333333,29.84758065
1986,9,28.18,29.02666667,30.39916667
1986,10,29.06935484,29.69086021,33.00967742
1986,11,24.61333333,30.98777778,34.37916667
1986,12,29.1283871,31.31774194,33.66209677
1987,1,30.82580645,33.30430108,36.22419355
1987,2,31.41857143,33.40892857,38.43571429
1987,3,31.85741935,33.52419355,37.90483871
1987,4,32.77066667,33.82222222,38.81
1987,5,31.58516129,32.43172043,36.60403226
1987,6,29.45,30.56055556,32.31583333
1987,7,28.73032258,29.67258064,31.05564516
1987,8,28.26709677,28.98548387,30.43629032
1987,9,28.444,29.91666667,31.44166667
1987,10,29.71225806,30.77849462,33.14596774
1987,11,31.61866667,32.72111111,36.43333333
1987,12,31.09419355,31.84569892,35.04516129
1988,1,31.56193548,32.97204301,34.77258065
1988,2,32.44068966,35.15344827,37.95603448
1988,3,31.70193548,33.49408602,38.91612903
1988,4,32.04933333,33.07388889,36.77583333
1988,5,31.49032258,32.38924731,35.82419355
1988,6,29.3,29.87166667,31.305
1988,7,28.18774194,28.39516129,29.66209677
1988,8,27.65483871,28.02741936,29.40645161
1988,9,28.23416667,29.12277778,30.68333333
1988,10,29.77419355,30.78978495,34.15806452
1988,11,31.04866667,31.83722222,35.92166667
1988,12,30.69354839,30.9344086,33.66854839
1989,1,30.88580645,32.67849462,33.86854839
1989,2,32.14357143,34.69404762,35.95625
1989,3,31.55806452,34.01290323,37.2266129
1989,4,31.58333333,32.95777778,37.84333333
1989,5,30.87935484,32.07849462,36.46532258
1989,6,29.27666667,29.99055556,31.80333333
1989,7,28.35419355,28.80107527,30.22177419
1989,8,27.86387097,28.47903226,29.57580645
1989,9,28.198,28.73111111,30.8
1989,10,29.57548387,30.08333333,32.85967742
1989,11,31.74866667,32.31833333,36.36916667
1989,12,31.41354839,31.70322581,34.88064516
1990,1,30.9483871,32.79516129,35.04919355
1990,2,31.53857143,34.36666667,36.81071429
1990,3,32.56967742,35.8983871,39.10483871
1990,4,31.58133333,32.885,37.30583333
1990,5,30.84129032,31.56236559,34.95322581
1990,6,29.63733333,30.60222222,32.72166667
1990,7,27.3916129,28.02580645,30.11048387
1990,8,27.07225806,28.42795699,30.55806452
1990,9,28.54666667,29.39222222,31.26666667
1990,10,30.16322581,30.60430108,34.16129032
1990,11,31.34866667,31.75611111,36.47166667
1990,12,30.87806452,30.75268817,35.60725806
1991,1,31.45225806,32.34516129,35.99193548
1991,2,31.49,33.92380952,38.51071429
1991,3,31.92580645,33.35913979,37.96048387
1991,4,30.79266667,32.22,35.88166667
1991,5,30.5883871,31.01989247,32.15080645
1991,6,29.75266667,30.53777778,32.19083333
1991,7,28.21225806,28.81021505,30.32419355
1991,8,27.26387097,28.06344086,29.84193548
1991,9,28.53066667,29.71611111,31.90416667
1991,10,28.99225806,29.67741935,32.8733871
1991,11,30.692,31.14277778,35.43333333
1991,12,30.97483871,31.43064516,34.52741935
1992,1,31.5,33.16344086,33.68225806
1992,2,32.3337931,35.36954023,37.56293103
1992,3,31.88774194,34.3,38.64516129
1992,4,31.87133333,32.95611111,37.4775
1992,5,30.66903226,31.57634409,33.97258065
1992,6,28.61133333,29.55333333,31.56583333
1992,7,27.21548387,27.55698925,29.85
1992,8,27.44451613,27.92688172,29.82741935
1992,9,27.56266667,29.07777778,31.22583333
1992,10,29.91483871,30.70268817,33.97903226
1992,11,30.89533333,21.43166667,34.63083333
1992,12,31.23806452,31.62473118,35.88790323
1993,1,31.24645161,32.96182796,34.11209677
1993,2,31.72428571,34.92142857,37.6875
1993,3,31.45032258,33.24086021,37.75080645
1993,4,31.77866667,32.68166667,37.73333333
1993,5,31.30709677,32.09516129,35.48870968
1993,6,29.34866667,30.24833333,33.43583333
1993,7,27.57419355,28.17419355,30.50403226
1993,8,27.67806452,28.07365591,30.41854839
1993,9,29.194,29.31722222,30.95416667
1993,10,30.79225806,31.19408602,33.80806452
1993,11,31.56733333,31.88777778,36.4475
1993,12,31.39935484,31.36290323,35.17096774
1994,1,31.13935484,32.67526882,33.97903226
1994,2,31.98428571,34.75892857,36.30535714
1994,3,32.01935484,34.64301075,38.96532258
1994,4,31.83333333,32.93277778,37.6825
1994,5,30.8283871,31.56021505,34.78951613
1994,6,29.10066667,29.76777778,31.84333333
1994,7,27.66774194,28.66666667,30.66854839
1994,8,27.76451613,28.87580645,26.91693548
1994,9,28.16866667,29.22277778,31.05083333
1994,10,29.55354839,30.26129032,32.34354839
1994,11,31.3,32.00166667,35.16666667
1994,12,31.79870968,32.60698925,34.49516129
1995,1,31.53225806,33.95806452,34.54596774
1995,2,32.38142857,35.94821429,37.11428571
1995,3,31.76580645,34.2,38.70887097
1995,4,32.28066667,32.935,37.29333333
1995,5,31.38967742,31.91666667,35.08870968
1995,6,29.70533333,30.53944444,32.92916667
1995,7,28.52451613,29.13494624,30.93951613
1995,8,28.36,28.83978495,29.86935484
1995,9,28.932,29.73611111,31.61083333
1995,10,30.33870968,30.67580645,33.34112903
1995,11,31.39733333,32.06555556,35.7425
1995,12,31.72516129,31.58817204,35.68387097
1996,1,31.30129032,32.57956989,37.16129032
1996,2,32.01793103,33.94137931,38.37586207
1996,3,32.16645161,33.55645161,23.14919355
1996,4,32.21066667,32.91666667,37.09666667
1996,5,31.04451613,32.07956989,35.1827957
1996,6,29.02466667,29.965,31.85777778
1996,7,28.28,29.21344086,30.81290323
1996,8,27.43548387,28.41021505,16.54032258
1996,9,27.81133333,29.29277778,30.66083333
1996,10,29.86064516,30.41021505,32.9766129
1996,11,31.11866667,32.67222222,35.63416667
1996,12,30.70516129,31.58494624,36.28306452
1997,1,30.91419355,32.86505376,36.52741935
1997,2,32.22142857,35.05238095,36.38125
1997,3,31.25483871,34.25268817,38.06774194
1997,4,30.89066667,32.18111111,36.11
1997,5,30.48387097,31.6188172,33.98629032
1997,6,28.65666667,29.7,31.33333333
1997,7,27.61612903,28.42043011,30.58709677
1997,8,27.77612903,28.54731183,31.10887097
1997,9,29.52466667,30.17666667,31.80916667
1997,10,30.63096774,31.49032258,33.59758065
1997,11,31.404,32.28111111,36.00666667
1997,12,31.50903226,32.33225806,35.76048387
1998,1,31.92774194,33.47473118,35.66774194
1998,2,33.20214286,35.38154762,38.76339286
1998,3,33.50580645,36.57419355,39.65806452
1998,4,33.05933333,34.49722222,38.69666667
1998,5,31.46903226,32.44784946,35.46935484
1998,6,30.09866667,30.64277778,32.55
1998,7,28.6116129,29.0155914,31.26693548
1998,8,27.93870968,28.58655914,27.92258065
1998,9,29.048,29.84555556,30.53416667
1998,10,30.39032258,30.80430108,33.38225806
1998,11,32.022,32.82333333,36.67833333
1998,12,31.75354839,32.34623656,35.64677419
1999,1,31.22129032,33.4016129,36.11209677
1999,2,31.91214286,33.68988095,36.48839286
1999,3,32.07225806,29.57903226,39.16612903
1999,4,31.604,32.86333333,37.06416667
1999,5,31.26387097,32.2283871,35.64596774
1999,6,30.098,30.97666667,33.08
1999,7,28.56645161,29.26580645,30.55241935
1999,8,27.98064516,29.31483871,29.8233871
1999,9,28.15666667,29.286,30.5225
1999,10,29.50774194,30.23935484,32.40645161
1999,11,31.27533333,31.97466667,36.1775
1999,12,31.8516129,32.42580645,35.38145161
2000,1,31.0083871,32.78064516,35.85080645
2000,2,32.38206897,34.7137931,35.63362069
2000,3,32.43548387,35.11548387,38.475
2000,4,31.68266667,33.25933333,37.7575
2000,5,31.31483871,32.39354839,35.33306452
2000,6,29.27666667,30.128,31.80083333
2000,7,28.06193548,28.84322581,30.57822581
2000,8,27.61419355,28.50064516,30.34677419
2000,9,28.57133333,29.25933333,30.92
2000,10,30.20129032,31.00064516,33.30241935
2000,11,31.52266667,32.49666667,36.44583333
2000,12,31.07741935,32.33870968,35.50483871
2001,1,30.84516129,33.64967742,36.10241935
2001,2,32.38357143,35.42642857,37.24732143
2001,3,32.11741935,34.23677419,39.55645161
2001,4,31.59333333,32.86266667,37.52916667
2001,5,31.17290323,32.42580645,34.92580645
2001,6,29.354,30.58666667,32.57833333
2001,7,28.0483871,29.06451613,31.01048387
2001,8,27.05870968,28.0116129,29.92580645
2001,9,28.03133333,28.84866667,30.995
2001,10,30.25032258,31.43612903,35.03145161
2001,11,31.34733333,28.16888889,36.94666667
2001,12,31.51935484,33.13978495,37.26129032
2002,1,31.30193548,33.2327957,35.01451613
2002,2,32.18714286,35.65952381,37.99017857
2002,3,31.93741935,34.25645161,39.35806452
2002,4,31.79266667,31.31388889,37.37
2002,5,31.74774194,31.99247312,35.60967742
2002,6,29.37733333,19.46055556,32.96
2002,7,27.94258065,14.69301075,31.51129032
2002,8,27.64903226,28.25752688,30.10725806
2002,9,28.432,29.60388889,31.37666667
2002,10,30.15032258,30.86344086,33.38387097
2002,11,31.528,32.13777778,36.3125
2002,12,31.76451613,32.39354839,35.84032258
2003,1,31.37290323,33.45612903,36.38225806
2003,2,32.17428571,34.65642857,38.77589286
2003,3,32.69419355,35.17258064,39.09354839
2003,4,31.63066667,32.71,36.46833333
2003,5,31.38516129,32.68978495,35.51129032
2003,6,29.15,29.84888889,31.31916667
2003,7,28.51354839,29.24569893,30.77983871
2003,8,27.8,28.80215054,30.35483871
2003,9,29.064,29.95444444,31.29916667
2003,10,16.98709677,31.3860215,33.94516129
2003,11,31.61833333,31.87333333,36.12833333
2003,12,23.3083871,31.76129032,35.84596774
2004,1,21.28258065,32.87096774,36.0983871
2004,2,32.45172414,34.31149425,37.46982759
2004,3,33.09483871,34.16505376,37.69435484
2004,4,31.74333333,32.62666667,36.105
2004,5,30.85870968,31.26774194,33.48790323
2004,6,28.894,29.83333333,31.46833333
2004,7,27.75935484,28.46290323,30.10564516
2004,8,27.46709677,28.22580645,30.17258065
2004,9,29.15333333,29.77666667,30.95583333
2004,10,30.12709677,31.03010753,34.70403226
2004,11,31.58933333,31.91611111,23.38833333
2004,12,31.78967742,31.9016129,36.83870968
2005,1,31.57354839,32.54247312,34.35645161
2005,2,32.61071429,34.84821429,38.65803571
2005,3,32.43806452,33.94731183,38.9266129
2005,4,32.53066667,33.36111111,37.3125
2005,5,30.79870968,31.74677419,35.0983871
2005,6,28.76133333,29.69222222,32.03916667
2005,7,27.96258065,28.44462366,30.43467742
2005,8,27.38709677,27.97580645,30.10403226
2005,9,29.098,29.86944444,31.62916667
2005,10,30.59354839,31.25107527,33.73225806
2005,11,31.752,32.24666667,36.71
2005,12,31.93419355,32.16344086,36.52822581
2006,1,31.36,32.97688172,36.82419355
2006,2,32.16,33.70833333,38.11875
2006,3,32.61354839,33.50322581,39.30725806
2006,4,32.78466667,33.69111111,33.7875
2006,5,30.85096774,31.80483871,34.53629032
2006,6,30.282,30.96888889,32.995
2006,7,28.83612903,29.43655914,31.53306452
2006,8,28.05935484,28.9360215,30.61532258
2006,9,28.83133333,29.63611111,30.78833333
2006,10,30.3283871,31.02956989,31.10645161
2006,11,31.77533333,32.485,36.1025
2006,12,31.90903226,32.90967742,35.66290323
2007,1,31.88258065,33.55913979,34.6766129
2007,2,32.36857143,34.96785714,38.41964286
2007,3,32.3883871,35.05645161,39.28951613
2007,4,31.86933333,32.82111111,35.895
2007,5,31.68709677,31.87150538,33.73790323
2007,6,29.17733333,30.24388889,32.5025
2007,7,28.37548387,29.22688172,31.47983871
2007,8,28.14064516,28.61989247,29.64435484
2007,9,28.642,29.71388889,31.2725
2007,10,29.91419355,30.72311828,33.73387097
2007,11,31.308,31.77,35.83
2007,12,31.58064516,32.30215054,35.56774194
2008,1,31.85806452,32.90215054,33.30430108
2008,2,32.36689655,35.14482759,35.04224138
2008,3,32.15806452,34.00053763,38.47096774
2008,4,31.82066667,32.85277778,37.43083333
2008,5,31.23225806,31.95430108,35.13951613
2008,6,29.69133333,30.37277778,32.36333333
2008,7,29.01741935,29.18817204,30.64274194
2008,8,28.43741935,28.99086022,29.79193548
2008,9,28.97266667,29.79888889,30.9075
2008,10,30.75935484,31.23602151,33.31693548
2008,11,31.55666667,32.50888889,36.55583333
2008,12,31.77548387,32.33655914,36.18870968
2009,1,31.61741935,33.07795699,35.11209677
2009,2,31.89,33.91904762,38.35446429
2009,3,32.14322581,33.6688172,38.63225806
2009,4,31.604,32.50055556,36.1575
2009,5,31.36193548,32.39354839,35.06370968
2009,6,29.63466667,30.7,32.83
2009,7,28.06258065,28.86774194,30.7
2009,8,27.45225806,28.31612903,30.125
2009,9,28.55933333,29.67888889,31.21416667
2009,10,29.78258065,30.78225807,32.82177419
2009,11,31.472,32.07277778,35.25916667
2009,12,31.99935484,32.81774193,36.98548387
2010,1,31.88645161,33.7827957,37.71532258
2010,2,32.99285714,35.19047619,38.99196429
2010,3,32.76322581,34.1983871,39.125
2010,4,32.77533333,33.92055556,37.35416667
2010,5,31.69548387,32.47741935,34.96774194
2010,6,29.464,30.84388889,32.40083333
2010,7,28.55806452,29.65913979,30.56612903
2010,8,28.24193548,29.27258065,30.59354839
2010,9,28.80733333,29.71555556,30.63222222
2010,10,30.29741935,31.07365591,32.54435484
2010,11,31.12466667,31.81944444,35.815
2010,12,31.85548387,32.72580645,36.31612903
2011,1,31.78580645,33.03924731,35.44274194
2011,2,31.51517857,34.00238095,37.58392857
2011,3,32.24193548,33.79892473,38.72903226
2011,4,31.93666667,33.78111111,37.89333333
2011,5,30.975,32.50376344,35.24032258
2011,6,29.37583333,30.65333333,33.00416667
2011,7,27.89596774,29.02634409,31.28467742
2011,8,27.09596774,28.69247312,30.17258065
2011,9,28.35583333,29.82,31.41555556
2011,10,29.38924731,30.87258064,33.6172043
2011,11,31.38083333,32.78222222,36.77777778
2011,12,31.55935484,33.17419355,20.19596774
2012,1,31.33612903,33.84516129,35.58790323
2012,2,30.89862069,33.91954023,37.36206897
2012,3,32.15935484,34.33709677,38.73467742
2012,4,31.52066667,32.81777778,36.255
2012,5,30.59548387,28.17311828,33.78064516
2012,6,28.94933333,30.03933333,32.35083333
2012,7,28.05483871,28.82645161,30.23548387
2012,8,9.964516129,28.51048387,30.42096774
2012,9,28.72833333,29.86833333,30.81166667
2012,10,30.02419355,30.16021505,33.79032258
2012,11,31.84333333,31.70666667,NA
2012,12,31.64919355,32.33763441,36.06666667
2013,1,31.91290323,34.32419355,36.23064516
2013,2,32.14732143,35.51071429,38.27946429
2013,3,32.39193548,33.81075269,34.01290323
2013,4,32.05166667,33.56888889,18.995
2013,5,31.14596774,31.95806452,34.29516129
2013,6,29.26555556,29.60166667,32.9875
2013,7,27.65241935,28.47935484,30.86129032
2013,8,27.46129032,28.39784946,29.69354839
2013,9,28.26666667,29.72333333,31.01583333
2013,10,30.03225806,23.70430107,33.25376344
2013,11,31.16083333,6.275555556,35.75666667
2013,12,31.18145161,32.38,35.89193548
2014,1,31.41693548,32.95741935,36.47311828
2014,2,31.3875,31.04285714,37.73095238
2014,3,31.60806452,34.20483871,37.98225806
2014,4,31.93333333,33.62611111,28.88333333
2014,5,31.03655914,32.00967742,34.53655914
2014,6,29.38583333,30.71,33.18666667
2014,7,27.81935484,28.92258065,31.62580645
2014,8,27.24677419,28.82258065,30.64408602
2014,9,28.2175,29.52833333,30.48166667
2014,10,29.68387097,31.26666667,34.1344086
2014,11,31.07583333,32.08583333,36.36
2014,12,31.72419355,33.14322581,36.34516129
2015,1,31.37419355,34.08645161,35.47419355
2015,2,31.89642857,34.22142857,38.46547619
2015,3,32.06290323,34.92903226,38.54301075
2015,4,32.37,34.08133333,39.07555556
2015,5,31.64758065,33.48322581,37.23763441
2015,6,29.00416667,30.97833333,34.05333333
2015,7,28.41612903,30.14903226,31.97634409
2015,8,28.18817204,29.43790323,30.40752688
2015,9,28.56083333,31.01083333,31.57777778
2015,10,30.20887097,32.13741935,33.81505376
2015,11,31.12916667,33.03416667,36.87333333
2015,12,32.18306452,33.41935484,34.50752688
2016,1,32.1733871,34.88516129,35.63763441
2016,2,29.22183908,36.99034483,38.43103448
2016,3,32.07580645,35.32129032,38.60080645
2016,4,32.315,34.29666667,38.16666667
2016,5,31.17983871,33.00322581,36.03225806
2016,6,29.405,31.01416667,33.18166667
2016,7,28.19677419,29.94596774,31.19569892
2016,8,27.61774194,29.21032258,30.6344086
2016,9,28.79166667,30.33533333,31.34666667
2016,10,30.33225806,31.85419355,34.20967742
2016,11,32.15666667,33.84916667,37.63222222
2016,12,32.16774194,33.59935484,37.29677419
