,AMM,AMO,NAO,Nino_1_2,Nino_3,Nino_4,Nino3_4,PNA,SOI,TNA,TSA,IOD,PDO
1/1/1960,0.26,0.167,-2.01,-0.33,-0.34,-0.7,-0.28,-0.16,0.2,-0.07,-0.33,-0.236,0.3
2/1/1960,1.65,0.207,-2.59,-0.42,-0.47,-0.75,-0.46,-0.22,0.2,0.18,-0.41,-0.043,0.52
3/1/1960,1.44,0.079,-0.93,-0.25,-0.33,-0.57,-0.3,-0.69,1.7,0.2,-0.09,-0.433,-0.21
4/1/1960,2,0.088,1.33,-1.11,-0.43,-0.62,-0.33,-0.07,1.3,0.13,-0.22,-0.745,0.09
5/1/1960,2.44,0.293,0.47,-1.09,-0.54,-0.5,-0.25,0.99,0.9,0.27,0.01,-0.738,0.91
6/1/1960,2.54,0.31,0.1,-1.41,-0.75,-0.64,-0.49,1.2,0.2,0.1,-0.23,-0.681,0.64
7/1/1960,1.65,0.261,0.38,-1.32,-0.59,-0.75,-0.41,1.11,0.8,0.08,0.08,-0.734,-0.27
8/1/1960,1.08,0.326,-1.93,-1.02,-0.33,-0.72,-0.15,1.85,1.3,0.05,-0.02,-0.584,-0.38
9/1/1960,0.52,0.201,0.53,-0.27,-0.34,-0.71,-0.28,-0.01,1.1,-0.05,-0.05,-0.582,-0.94
10/1/1960,0.17,0.287,-1.37,-0.91,-0.87,-0.6,-0.49,0.48,0.2,-0.01,-0.1,-0.906,0.09
11/1/1960,0.25,0.241,-0.67,-0.6,-0.95,-0.38,-0.45,-0.52,0.9,0.1,0.01,-0.811,-0.23
12/1/1960,-0.29,0.128,-0.03,-0.29,-0.66,-0.13,-0.38,1.15,1.3,-0.02,0,-0.641,0.17
1/1/1961,-0.16,0.051,-0.03,-0.08,-0.55,-0.35,-0.31,1.16,-0.4,-0.04,0,-0.144,1.18
2/1/1961,-0.33,0.071,0.07,0.45,-0.21,-0.41,-0.19,0.17,1.5,-0.07,-0.12,-0.08,0.43
3/1/1961,0.41,0.139,0.17,-0.73,-0.39,-0.53,-0.35,0.28,-3,0.02,-0.02,-0.122,0.09
4/1/1961,1.79,0.217,-1.83,-0.78,-0.27,-0.72,-0.46,-1.14,1.3,0.17,-0.1,-0.612,0.34
5/1/1961,2.11,0.184,-0.28,-0.92,-0.27,-0.64,-0.18,-0.25,0.5,0.2,0.03,-0.438,-0.06
6/1/1961,0.74,0.023,1.17,-0.98,-0.32,-0.51,-0.06,1.84,0.2,-0.04,-0.1,-0.006,-0.61
7/1/1961,1.15,-0.029,-0.36,-1.53,-0.97,-0.71,-0.41,-0.52,0.4,0,-0.21,0.63,-1.22
8/1/1961,1.27,0.026,1.03,-1.14,-1.03,-0.87,-0.67,0.47,0.2,0.09,-0.19,0.776,-1.13
9/1/1961,0.18,-0.007,1.36,-1.14,-1.38,-0.7,-0.94,1.1,0.1,-0.05,0.03,0.554,-2.01
10/1/1961,-0.54,0.019,1.07,-1.05,-1.29,-0.93,-1.01,-1.94,-0.5,-0.13,-0.02,0.457,-2.28
11/1/1961,-0.21,0.057,-0.79,-0.67,-0.82,-0.61,-0.63,-0.4,0.9,-0.06,-0.06,0.323,-1.85
12/1/1961,1.51,0.203,-1.46,-0.88,-0.64,-0.54,-0.63,-1.54,2.5,0.27,-0.12,0.311,-2.69
1/1/1962,1.96,0.139,0.2,-0.74,-0.57,-0.66,-0.59,-0.74,3.3,0.22,-0.08,0.512,-1.29
2/1/1962,1.96,0.142,0.18,-0.73,-0.44,-0.66,-0.57,-0.54,-0.5,0.12,-0.16,0.544,-1.15
3/1/1962,3.26,0.155,-2.99,-2.13,-0.74,-0.56,-0.48,-0.71,0.2,0.41,-0.11,0.356,-1.42
4/1/1962,3.15,0.077,0.93,-2.38,-1.12,-0.59,-0.69,-1.5,0.3,0.26,-0.01,-0.019,-0.8
5/1/1962,2.82,0.013,-0.04,-1.51,-1.08,-0.8,-0.89,-1.11,1.8,0.36,0.18,-0.385,-1.22
6/1/1962,1.3,-0.081,0.47,-1.35,-0.95,-0.59,-0.65,-0.97,1.2,0.06,0.08,-0.458,-1.62
7/1/1962,2.44,-0.018,-2.43,-1.32,-0.76,-0.77,-0.53,-0.36,0.1,0.26,-0.09,-0.468,-1.46
8/1/1962,1.56,-0.073,0.05,-0.77,-0.47,-0.81,-0.53,0.57,1,0.19,-0.03,-0.303,-0.48
9/1/1962,0.98,-0.006,-0.21,-0.74,-0.79,-0.85,-0.78,-0.83,0.7,0.09,-0.08,-0.186,-1.58
10/1/1962,0.41,0.055,0.96,-1.17,-0.84,-0.82,-0.75,1.33,1.6,0.08,0.03,-0.327,-1.55
11/1/1962,1.42,0.036,-0.38,-0.87,-1.12,-0.8,-0.95,0.53,0.5,0.3,0.01,-0.213,-0.37
12/1/1962,2.91,0.18,-1.31,-1.09,-1.15,-0.8,-0.93,-0.38,0.3,0.51,-0.19,-0.071,-0.96
1/1/1963,3.15,0.147,-2.98,-0.85,-0.81,-0.86,-0.78,0.09,1.7,0.56,-0.05,0.329,-0.33
2/1/1963,3.07,0.155,-1.53,-0.82,-0.61,-0.72,-0.53,0.79,0.9,0.51,0.01,0.395,-0.16
3/1/1963,1.42,0.123,-0.85,-0.76,-0.3,-0.35,-0.1,-2.04,1.9,0.34,0.27,0.201,-0.54
4/1/1963,1.76,0.093,-1.61,-1.21,-0.16,-0.34,-0.03,-0.79,1.3,0.42,0.21,-0.061,-0.41
5/1/1963,-0.21,-0.095,2.05,-0.57,-0.28,-0.51,-0.3,-0.95,0.6,0.14,0.42,-0.324,-0.65
6/1/1963,-1.12,-0.058,-0.13,-0.87,-0.04,-0.65,-0.11,0.5,-0.8,0.11,0.45,-0.248,-0.88
7/1/1963,-1.14,-0.046,-0.74,-0.34,0.44,-0.28,0.49,-1.1,-0.2,0.17,0.43,0.212,-1
8/1/1963,-2.04,-0.084,-0.95,0.15,0.57,0,0.62,-1.01,0,0.13,0.45,0.473,-1.03
9/1/1963,-3.19,-0.213,1.89,0.05,0.46,0.24,0.68,0.87,-1,-0.04,0.41,0.081,0.45
10/1/1963,-2.34,-0.082,1.53,-0.05,0.43,0.23,0.64,0.93,-2,-0.03,0.45,0.432,-0.52
11/1/1963,-2.21,-0.068,-1.47,-0.22,0.56,0.01,0.77,-0.31,-1.4,0.17,0.69,0.319,-2.08
12/1/1963,-2.96,-0.071,-1.87,-0.29,0.76,0,1.02,1.46,-2,0.04,0.77,-0.059,-1.08
1/1/1964,-1.59,-0.086,-1.62,-0.65,0.36,0.09,0.79,-0.44,-0.6,0.09,0.65,-0.461,0.01
2/1/1964,0.21,0.01,-2.06,-1.29,-0.1,-0.15,0.38,1.36,0.1,0.28,0.31,-0.692,-0.21
3/1/1964,0.74,0.028,-1.66,-1.4,-0.48,-0.64,-0.26,-1.31,1.9,0.29,0.33,-0.312,-0.87
4/1/1964,0.17,-0.157,0.25,-1.35,-1.39,-0.61,-0.87,-1.3,1.8,-0.13,0.06,-0.224,-1.03
5/1/1964,1.5,0.03,0.53,-2.67,-1.83,-0.71,-1.12,-2.27,0.4,0.08,-0.22,-0.52,-1.91
6/1/1964,1.34,-0.007,1.61,-1.88,-1.62,-1.03,-1.14,0.27,1.2,0.07,-0.14,-0.344,-0.32
7/1/1964,0.25,-0.155,1.92,-1.77,-1.11,-1.11,-0.96,0.2,0.9,-0.06,-0.2,-0.829,-0.51
8/1/1964,0.09,-0.245,-2.4,-1.67,-1.57,-1.37,-1.26,0.83,2.5,-0.2,-0.21,-0.683,-1.03
9/1/1964,0.34,-0.231,0.34,-1.23,-1.16,-1.71,-1.4,0.92,2.1,-0.26,-0.68,-0.981,-0.68
10/1/1964,0.28,-0.282,1.32,-1.44,-1.22,-1.62,-1.35,0.8,2.2,-0.25,-0.79,-1.027,-0.37
11/1/1964,0.95,-0.177,-0.14,-0.97,-1.18,-1.74,-1.44,-0.78,0.3,-0.09,-0.63,-0.284,-0.8
12/1/1964,1.08,-0.132,-0.23,-1.33,-1.5,-1.6,-1.37,-2.03,-0.5,-0.19,-0.76,-0.182,-1.52
1/1/1965,-0.62,-0.21,-0.65,-0.69,-0.96,-1.09,-0.89,-0.92,-0.7,-0.36,-0.39,-0.331,-1.24
2/1/1965,-1.26,-0.188,-2.2,-0.32,-0.54,-0.76,-0.56,-1.03,0.7,-0.25,-0.08,-0.447,-1.16
3/1/1965,-1.02,-0.089,-1.99,-0.01,-0.28,-0.75,-0.34,-0.8,1.2,-0.13,0.11,-0.186,0.04
4/1/1965,-1.4,-0.108,0.64,1.34,-0.11,-0.92,-0.44,-1.07,-0.9,-0.18,0.1,-0.285,0.62
5/1/1965,-1.84,-0.11,-0.52,1.53,0.3,-0.41,0.06,-0.42,0.3,-0.21,0.15,-0.54,-0.66
6/1/1965,-2.26,-0.138,0.6,1.23,0.48,-0.09,0.36,1.89,-0.9,-0.28,-0.17,-0.487,-0.8
7/1/1965,-1.51,-0.199,0.35,1.04,0.7,0.01,0.61,-1.26,-3,-0.2,-0.39,-0.473,-0.47
8/1/1965,-2.35,-0.221,0.45,1.38,1.01,0.12,1.12,0.32,-1.1,-0.2,-0.21,-0.247,0.2
9/1/1965,-2.66,-0.233,0.51,0.38,1.08,0.12,1.29,0.36,-2.2,-0.12,-0.03,-0.197,0.59
10/1/1965,-2.64,-0.259,0.92,0.32,1.11,0.51,1.45,1.42,-1.5,-0.1,-0.17,0.017,-0.36
11/1/1965,-2.32,-0.288,-1.88,0.43,1.28,0.41,1.42,-0.81,-2.4,-0.09,-0.3,-0.225,-0.59
12/1/1965,-1.35,-0.135,1.18,0.35,1.23,0.33,1.36,-1.56,0.3,0.01,-0.25,-0.29,0.06
1/1/1966,-0.35,-0.087,-2.54,0.37,1.03,0.38,1.12,-0.15,-2.2,-0.02,-0.19,-0.232,-0.82
2/1/1966,2.12,-0.001,-2.02,-0.62,0.49,0.44,0.8,-2.05,-0.4,0.37,-0.28,-0.163,-0.03
3/1/1966,3.01,-0.021,0.18,-1.47,-0.02,0.76,0.93,0.43,-1.5,0.43,-0.39,-0.341,-1.29
4/1/1966,3.3,0.032,-0.96,-1.57,-0.28,0.17,0.35,-0.54,-0.3,0.52,0.08,-0.435,0.06
5/1/1966,2.26,-0.01,0.25,-1.72,-1.05,-0.06,-0.38,-0.15,-0.7,0.36,0.13,-0.423,-0.53
6/1/1966,0.82,-0.057,1.37,-1.56,-0.73,-0.04,-0.08,0.1,0.5,0.27,0.62,-0.119,0.16
7/1/1966,0.39,-0.067,0.35,-1.29,-0.54,0.08,0.04,-1.18,0.1,0.15,0.28,-0.004,0.26
8/1/1966,0.3,-0.055,-2.39,-1.18,-0.76,-0.21,-0.37,1.26,1.1,0.03,-0.06,0.129,-0.35
9/1/1966,0.45,-0.012,-0.29,-0.89,-0.9,-0.19,-0.44,0.63,-0.4,0.07,-0.07,0.102,-0.33
10/1/1966,0.11,0.002,-0.23,-0.58,-0.75,-0.08,-0.5,-0.61,-0.2,0.1,-0.05,-0.304,-1.17
11/1/1966,0.33,-0.009,-0.18,-0.91,-0.99,-0.05,-0.47,-1.96,0,0.35,0.21,-0.361,-1.15
12/1/1966,0.09,0.068,0.58,-0.62,-1.1,-0.33,-0.57,-0.21,-0.6,0.24,0.6,-0.236,-0.32
1/1/1967,0.84,0.07,-1.55,-1.04,-0.73,-0.72,-0.67,-1.16,2.8,0.24,0.3,-0.236,-0.2
2/1/1967,0.1,0.076,-0.23,-0.58,-0.5,-0.78,-0.64,-0.2,2.8,0,0.3,-0.073,-0.18
3/1/1967,0.2,-0.046,1.18,-1.04,-0.9,-0.5,-0.78,-2.25,2,-0.15,-0.03,0.248,-1.2
4/1/1967,1.3,-0.027,0.05,-0.72,-1.23,-0.19,-1.08,-1.91,-0.1,0.05,-0.2,-0.263,-0.89
5/1/1967,0.84,-0.199,-0.87,-0.82,-0.66,-0.15,-0.59,-0.8,0,-0.16,-0.37,-0.165,-1.24
6/1/1967,0.01,-0.273,1.72,-1.06,-0.38,-0.39,-0.26,-0.33,1.1,-0.21,-0.61,0.044,-1.16
7/1/1967,0.43,-0.242,0.44,-1.1,-0.69,-0.38,-0.33,-1.24,0.3,-0.2,-0.62,0.14,-0.89
8/1/1967,0.08,-0.177,1.73,-1.5,-0.99,-0.47,-0.42,-0.35,1.2,-0.3,-0.4,0.13,-1.24
9/1/1967,0.18,-0.109,1.05,-1.81,-1.39,-0.56,-0.86,0.11,0.8,-0.14,-0.35,0.145,-0.72
10/1/1967,-0.43,-0.112,0.59,-1.73,-1.36,-0.43,-0.74,1.1,0.1,-0.14,-0.61,0.159,-0.64
11/1/1967,-1.82,-0.246,0.5,-1.77,-1.21,-0.36,-0.62,-0.35,-0.7,-0.33,-0.4,0.023,-0.05
12/1/1967,-2.17,-0.165,-0.51,-1.84,-1.24,-0.39,-0.65,-1.12,-0.9,-0.23,-0.13,0.054,-0.4
1/1/1968,-0.99,-0.259,-0.36,-1.62,-1.4,-0.46,-0.85,-1.78,0.9,-0.3,-0.03,0.213,-0.95
2/1/1968,0.68,-0.21,-1.91,-1.41,-1.57,-0.47,-1.07,1.11,2.1,-0.11,-0.24,0.334,-0.4
3/1/1968,0.67,-0.221,0.02,-1.58,-1.44,-0.57,-0.95,0.13,0.2,-0.06,-0.26,0.154,-0.31
4/1/1968,-0.07,-0.168,-1.32,-1.77,-1.09,-0.46,-0.72,-1.11,0,-0.11,-0.01,0.073,-1.03
5/1/1968,-0.14,-0.136,-1.58,-2.03,-1.21,-0.6,-0.75,0.23,2.1,-0.09,-0.01,-0.123,-0.53
6/1/1968,-1.45,-0.275,0.64,-1.61,-0.43,-0.09,0.15,-0.08,1.8,-0.25,0.08,0.091,-0.35
7/1/1968,-1.79,-0.242,-0.77,-0.81,0.07,-0.34,0.28,-0.04,1.1,-0.19,0.24,-0.521,0.53
8/1/1968,-1.9,-0.226,-0.97,-0.26,0.03,-0.21,0.16,1.3,0.4,-0.14,0.2,-0.455,0.19
9/1/1968,-1.62,-0.162,-1.73,0.33,-0.09,-0.19,0.01,-0.87,-0.4,-0.07,0.29,-0.734,0.06
10/1/1968,-1.44,-0.126,-1.99,-0.14,-0.02,-0.07,0.04,0.45,-0.1,0.09,0.44,-0.531,-0.34
11/1/1968,-1.13,-0.12,-1.11,-0.09,0.05,0.4,0.5,0.83,-0.6,0.17,0.49,-0.454,-0.44
12/1/1968,-0.68,-0.139,-1.39,0.16,0.4,0.63,0.67,-1.74,0.3,0.28,0.5,-0.213,-1.27
1/1/1969,1.11,-0.075,-1.48,-0.2,0.45,0.92,0.95,-2.96,-2.4,0.43,0.32,-0.162,-1.26
2/1/1969,2.86,0.092,-2.2,-0.75,0.32,1.08,1.11,-1.97,-0.9,0.74,0.53,-0.164,-0.95
3/1/1969,5.19,0.194,-2.04,0.34,0.21,0.63,0.54,0.47,0.7,1.13,0.38,0.06,-0.5
4/1/1969,3.83,0.136,1.52,0.88,0.18,0.4,0.31,0.48,-0.6,0.84,0.35,-0.051,-0.44
5/1/1969,3.17,-0.002,0.56,1.31,0.46,0.33,0.35,1.02,-0.4,0.73,0.2,-0.166,-0.2
6/1/1969,1.89,0.016,0.86,0.97,0.23,-0.04,-0.04,2.11,0.3,0.37,-0.05,-0.626,0.89
7/1/1969,1.61,0.081,0.6,0.28,-0.09,-0.17,-0.21,0.51,-0.8,0.39,-0.15,-0.407,0.1
8/1/1969,0.54,-0.114,-1.99,-0.13,0.24,0.13,0.16,-0.69,-0.2,0.34,0.01,-0.35,-0.81
9/1/1969,-0.26,-0.12,2.17,0.02,0.46,0.4,0.43,1.31,-1.6,0.27,-0.09,-0.248,-0.66
10/1/1969,-0.52,-0.198,1.23,0.6,0.54,0.56,0.62,0.55,-1.5,0.17,-0.06,-0.2,1.12
11/1/1969,0.52,-0.137,-1.14,0.57,0.51,0.49,0.4,0.13,-0.1,0.34,-0.07,-0.004,0.15
12/1/1969,1.88,-0.044,-0.35,0.59,0.64,0.39,0.38,1.53,0.7,0.44,-0.19,-0.085,1.38
1/1/1970,3.81,-0.023,-2.26,0.39,0.42,0.21,0.28,0.12,-1.9,0.64,-0.34,0.297,0.61
2/1/1970,4.2,-0.061,0.28,-0.38,0,0.29,0.2,1.01,-1.7,0.64,-0.26,0.326,0.43
3/1/1970,5.33,0.006,-1.41,-1.25,-0.38,0.01,-0.14,0.49,1,0.83,-0.2,0.068,1.33
4/1/1970,4.12,0.007,-1.56,-0.98,-0.54,-0.05,-0.08,-0.66,-0.1,0.68,-0.28,0.219,0.43
5/1/1970,3.58,-0.059,1.11,-1.79,-0.98,-0.09,-0.3,-0.5,0.6,0.51,-0.19,0.182,-0.49
6/1/1970,2.48,-0.195,1.87,-2,-1.46,-0.35,-0.69,0.23,1.6,0.24,-0.33,-0.385,0.06
7/1/1970,1.2,-0.213,0.13,-2.51,-1.93,-0.46,-1.08,0.74,-0.6,-0.03,-0.11,-0.57,-0.68
8/1/1970,0.86,-0.153,0,-1.85,-1.74,-0.9,-1.26,-0.6,1,-0.07,-0.24,-0.351,-1.63
9/1/1970,-0.02,-0.151,0.06,-1.43,-1.27,-1.11,-1.07,-0.39,1.9,-0.12,-0.22,-0.6,-1.67
10/1/1970,0.31,-0.209,-0.49,-1.14,-1.27,-1.17,-1.12,-0.95,1.7,-0.06,-0.39,-0.638,-1.39
11/1/1970,0.51,-0.253,-0.76,-1.17,-1.48,-1.13,-1.13,-1.15,2.6,-0.02,-0.2,-0.307,-0.8
12/1/1970,0.97,-0.222,-1.2,-1.15,-1.32,-1.5,-1.33,-1.09,3.2,0.03,-0.34,-0.235,-0.97
1/1/1971,0.73,-0.259,-1.82,-1.44,-1.58,-1.67,-1.73,-2.43,0.6,0.1,-0.01,0.198,-1.9
2/1/1971,-0.17,-0.305,-0.17,-1.68,-1.57,-1.38,-1.57,-0.16,3.3,-0.03,0.02,0.013,-1.74
3/1/1971,-1,-0.323,-1.28,-1.45,-1.3,-1.31,-1.36,-0.28,3.8,-0.18,-0.06,0.208,-1.68
4/1/1971,-2.61,-0.426,-0.41,-0.66,-1.04,-1.17,-1.18,0.23,2.8,-0.34,0.09,0.24,-1.59
5/1/1971,-3.56,-0.339,0.51,-1.24,-1.12,-1.07,-0.98,1.09,1.4,-0.46,0.25,-0.074,-1.55
6/1/1971,-3.8,-0.376,-1.28,-1.54,-1.24,-1.14,-1.13,0.51,0.7,-0.62,0.17,-0.236,-1.55
7/1/1971,-1.96,-0.362,0.27,-1.03,-1.12,-1.2,-1.17,-1.74,0.4,-0.45,-0.23,-0.354,-2.2
8/1/1971,-2.47,-0.448,1.87,-1.23,-1.33,-1.25,-1.1,-0.81,2.5,-0.46,-0.2,-0.547,-0.15
9/1/1971,-1.56,-0.379,0.53,-1.22,-1.04,-1.46,-1,0.15,2.3,-0.29,-0.16,-0.746,0.21
10/1/1971,-0.26,-0.248,1.14,-1.29,-1.33,-1.32,-1.24,-1.35,2.8,-0.18,-0.38,-0.629,-0.22
11/1/1971,0.73,-0.256,-0.34,-0.76,-1.31,-0.98,-1.15,-0.26,0.9,-0.13,-0.68,0.017,-1.25
12/1/1971,-0.44,-0.321,0.47,-0.99,-1.48,-0.68,-1.23,-1.76,0.4,-0.31,-0.79,0.215,-1.87
1/1/1972,-1.63,-0.331,-0.19,-0.38,-0.73,-0.69,-0.92,-2.46,0.8,-0.27,-0.08,0.143,-1.99
2/1/1972,-2.15,-0.393,-0.08,0.45,-0.52,-0.31,-0.45,-2.27,1.8,-0.38,-0.06,-0.216,-1.83
3/1/1972,-3.12,-0.452,0.35,0.58,-0.29,-0.16,-0.19,-0.1,1.1,-0.5,-0.18,0.031,-2.09
4/1/1972,-3.04,-0.339,-0.38,0.64,0,0.11,0.07,-1.95,-0.2,-0.31,0.03,0.131,-1.65
5/1/1972,-3.32,-0.482,0.93,0.71,0.21,0.11,0.38,0.21,-2.6,-0.46,-0.03,0.157,-1.57
6/1/1972,-4.31,-0.501,1.19,1.78,0.61,0.1,0.45,-0.15,-0.9,-0.35,0.09,0.739,-1.87
7/1/1972,-4.77,-0.388,0.21,2.03,1.2,0.13,0.85,-1.13,-2.4,-0.4,0.25,0.708,-0.83
8/1/1972,-4.91,-0.396,1.57,2.37,1.63,-0.04,1.09,-0.04,-0.8,-0.44,0.26,0.511,0.25
9/1/1972,-4.75,-0.316,0.03,1.23,1.43,0.11,1.23,0.13,-2.2,-0.33,0.23,0.363,0.17
10/1/1972,-4.5,-0.299,1.7,1.39,1.74,0.4,1.54,-1.49,-1.5,-0.08,0.29,0.327,0.11
11/1/1972,-4.93,-0.29,0.43,1.38,1.99,0.53,1.9,0.53,-0.6,-0.09,0.44,0.671,0.57
12/1/1972,-6.82,-0.364,0.09,2.01,2.25,0.67,2.09,-0.86,-2.1,-0.37,0.89,0.477,-0.33
1/1/1973,-6.53,-0.387,-0.46,1.26,1.78,0.67,1.8,-0.88,-0.5,-0.31,0.79,0.043,-0.46
2/1/1973,-5.69,-0.406,0.52,0.16,0.79,0.4,1.2,-0.14,-2.3,-0.3,0.72,-0.077,-0.61
3/1/1973,-4.97,-0.357,-0.09,-0.58,0.09,0.01,0.27,0.53,1.2,-0.32,0.59,-0.001,-0.5
4/1/1973,-3.62,-0.277,-0.73,-1.11,-0.83,-0.37,-0.58,0.11,0.1,-0.19,0.76,-0.117,-0.69
5/1/1973,-2.54,-0.182,-0.36,-1.37,-1.32,-0.43,-0.97,0.67,0.7,0.04,0.93,0.085,-0.76
6/1/1973,-2.47,-0.188,0.7,-1.61,-1.41,-0.82,-1.18,1.01,1.8,-0.07,0.75,-0.225,-0.97
7/1/1973,-2.15,-0.117,0.6,-1.23,-1.66,-1.05,-1.54,-0.26,1,-0.05,0.67,-0.495,-0.57
8/1/1973,-2.06,-0.146,-0.2,-1.62,-1.62,-1.35,-1.63,-0.95,2.1,-0.16,0.58,-0.607,-1.14
9/1/1973,-2.02,-0.144,-0.15,-1.31,-1.52,-1.49,-1.66,-0.27,2,-0.16,0.75,-0.773,-0.51
10/1/1973,-2.4,-0.229,-0.84,-1.08,-1.69,-1.65,-1.98,-0.74,1.3,-0.26,0.67,-0.449,-0.87
11/1/1973,-1.91,-0.222,-1.11,-1.12,-1.82,-1.92,-2.37,-1.66,4.3,-0.23,0.54,-0.157,-1.81
12/1/1973,-1.17,-0.251,0.21,-1.14,-1.85,-2.04,-2.26,0.23,3,-0.1,0.4,0.047,-0.76
1/1/1974,-1.49,-0.289,1.05,-1.35,-1.8,-2.02,-2.09,-1.54,4,-0.28,0.34,0.279,-1.22
2/1/1974,-2.91,-0.296,-0.6,-1.38,-1.34,-1.48,-1.66,-1.5,3.4,-0.51,0.14,0.156,-1.65
3/1/1974,-4.81,-0.414,-0.43,-0.84,-0.96,-1.15,-1.45,-1.1,4,-0.73,0.15,0.249,-0.9
4/1/1974,-6.31,-0.536,0.41,-0.39,-0.81,-1.2,-1.36,-0.73,1.6,-1.09,0.36,-0.053,-0.52
5/1/1974,-6.22,-0.513,-0.17,-0.2,-0.89,-1.14,-1.29,-0.4,1.6,-0.89,0.49,-0.239,-0.28
6/1/1974,-4.9,-0.46,0.17,-0.78,-0.84,-1.08,-1.2,-1.36,0.7,-0.61,0.43,-0.027,-0.31
7/1/1974,-3.89,-0.528,-0.73,-0.58,-0.59,-1.16,-0.9,-0.09,1.9,-0.5,0.58,-0.249,-0.08
8/1/1974,-3.66,-0.481,-0.95,-0.46,-0.4,-0.82,-0.52,0.9,1.3,-0.39,0.42,-0.497,0.27
9/1/1974,-3.9,-0.519,0.95,-0.63,-0.63,-1.05,-0.64,0.35,1.8,-0.5,0.14,-0.661,0.44
10/1/1974,-3.46,-0.521,1.04,-1.2,-1.03,-1.23,-0.94,0.93,1.5,-0.46,0.11,-0.845,-0.1
11/1/1974,-4.12,-0.439,-0.7,-1,-1.11,-1.14,-1.09,0.53,-0.2,-0.51,0.25,-0.551,0.43
12/1/1974,-3.91,-0.374,1.3,-1.46,-1.04,-1.12,-0.97,0.38,0.3,-0.51,0.11,-0.36,-0.12
1/1/1975,-2.14,-0.286,0.17,-1.15,-0.54,-0.71,-0.45,-1.2,-0.8,-0.24,-0.13,-0.367,-0.84
2/1/1975,-2.4,-0.351,-1.15,-1.18,-0.85,-0.55,-0.68,-0.51,1.3,-0.41,-0.19,-0.249,-0.71
3/1/1975,-3.01,-0.322,-1.04,-0.33,-0.87,-0.86,-1.09,-0.81,2.6,-0.49,-0.15,-0.464,-0.51
4/1/1975,-2.42,-0.358,-1.89,0,-0.57,-0.99,-0.96,-0.67,1.9,-0.45,-0.11,0.087,-1.3
5/1/1975,-3.16,-0.401,-0.43,-0.96,-1.09,-1.15,-1.13,0.6,1.1,-0.7,0.04,0.066,-1.02
6/1/1975,-2.9,-0.308,-0.54,-1.43,-1.4,-1.43,-1.5,-0.31,2.1,-0.4,0.17,0.055,-1.16
7/1/1975,-1.17,-0.285,1.57,-0.93,-1.19,-1.53,-1.39,-1.53,3.1,-0.28,0.02,-0.039,-0.4
8/1/1975,-0.55,-0.198,-0.46,-0.95,-1.08,-1.76,-1.52,-1.1,3.3,-0.15,-0.02,-0.344,-1.07
9/1/1975,-1.13,-0.349,1.67,-1.57,-1.41,-2.05,-1.66,-0.23,3.4,-0.26,-0.24,-0.857,-1.23
10/1/1975,-1.35,-0.367,-0.08,-1.97,-1.61,-2.21,-1.83,-0.65,2.8,-0.3,-0.18,-1.056,-1.29
11/1/1975,-1.67,-0.354,0.3,-2.25,-1.44,-2.11,-1.66,-0.63,1.9,-0.39,-0.03,-0.328,-2.08
12/1/1975,-0.62,-0.335,-0.09,-1.88,-1.81,-2.15,-1.93,-0.16,3.5,-0.26,-0.34,-0.17,-1.61
1/1/1976,-0.02,-0.398,-0.8,-1.12,-1.9,-1.74,-2.01,-0.25,2.3,-0.3,-0.41,0.005,-1.14
2/1/1976,-1.1,-0.454,0.61,-0.64,-1.1,-1.3,-1.26,-2.38,2.8,-0.48,-0.4,0.077,-1.85
3/1/1976,-2.74,-0.507,0.38,-0.53,-0.67,-0.98,-0.82,-1.78,2.9,-0.81,-0.48,0.02,-0.96
4/1/1976,-2.43,-0.439,0.14,0.17,-0.66,-0.82,-0.93,0.92,0.5,-0.66,-0.67,0.122,-0.89
5/1/1976,-2.81,-0.501,0.94,0.7,-0.34,-0.77,-0.74,0.58,0.6,-0.79,-0.7,-0.004,-0.68
6/1/1976,-2.12,-0.497,1.11,1.37,0.33,-0.76,-0.38,-1.32,0.4,-0.59,-0.6,0.369,-0.67
7/1/1976,0.02,-0.32,-0.29,1.61,0.43,-0.72,-0.16,-0.12,-1.4,-0.37,-0.67,0.594,0.61
8/1/1976,1.56,-0.198,2.34,1.25,0.76,-0.62,0.12,-0.62,-1.3,0.07,-0.48,0.107,1.28
9/1/1976,1.4,-0.206,-1.11,0.83,0.82,-0.5,0.3,-0.04,-1.9,0.14,-0.32,-0.208,0.82
10/1/1976,0.82,-0.306,0.42,0.51,0.91,-0.03,0.75,0.91,0.7,0.18,-0.35,-0.231,1.11
11/1/1976,-0.66,-0.429,0.04,0.49,0.78,0.09,0.71,1.72,1.2,0.04,-0.45,-0.181,1.25
12/1/1976,-2.15,-0.445,-1.57,0.39,0.66,-0.25,0.49,0.21,-0.6,-0.31,-0.21,0.028,1.22
1/1/1977,-1.98,-0.402,-1.72,0.23,0.88,-0.1,0.78,1.6,-0.7,-0.15,-0.19,-0.003,1.65
2/1/1977,-1.57,-0.346,-1,-0.38,0.56,-0.15,0.37,2.43,2,-0.22,0,-0.261,1.11
3/1/1977,-0.83,-0.196,-1.25,-0.46,0.22,-0.23,0.19,-0.69,-0.9,-0.11,0,0.174,0.72
4/1/1977,-0.31,-0.23,0.56,-0.59,-0.64,-0.23,-0.38,-0.32,-0.7,-0.09,-0.03,-0.029,0.3
5/1/1977,-0.08,-0.183,-0.75,-0.92,-0.38,-0.35,-0.21,-0.56,-0.8,-0.07,-0.05,-0.341,0.31
6/1/1977,0.03,-0.12,-0.27,-0.61,-0.19,-0.17,0.01,0.57,-1.5,0.05,-0.09,-0.095,0.42
7/1/1977,-0.85,-0.119,-0.42,-0.5,-0.23,-0.06,0.09,-1.04,-1.9,-0.14,-0.14,-0.171,0.19
8/1/1977,-1.73,-0.158,-0.49,-0.9,-0.38,-0.08,-0.01,2.2,-1.3,-0.28,0.01,-0.26,0.64
9/1/1977,-2.02,-0.245,0.51,-1.11,-0.03,0.19,0.4,-0.72,-1.3,-0.24,0.03,-0.259,-0.55
10/1/1977,-2.41,-0.237,1.08,-0.47,0.27,0.28,0.63,1.25,-1.7,-0.24,-0.09,0.245,-0.61
11/1/1977,-2.4,-0.156,-0.21,-0.47,0.19,0.32,0.48,-0.22,-2.1,-0.26,-0.08,-0.127,-0.72
12/1/1977,-1.95,-0.218,-1.02,-0.55,0.25,0.41,0.7,-0.8,-1.7,-0.15,-0.07,-0.02,-0.69
1/1/1978,0.23,-0.119,0.26,-0.41,0.14,0.4,0.62,0.13,-0.5,0.11,-0.19,-0.64,0.34
2/1/1978,2,-0.16,-2.94,-0.4,0,0.19,0.25,1.4,-4.4,0.2,-0.29,-0.53,1.45
3/1/1978,3.2,-0.171,0.33,-1.21,-0.46,-0.14,-0.2,-0.18,-0.3,0.25,-0.45,-0.582,1.34
4/1/1978,3.8,-0.208,-1.42,-0.77,-0.94,-0.59,-0.7,-0.19,-0.5,0.26,-0.65,-0.214,1.29
5/1/1978,2.05,-0.217,1.05,-1.25,-1.15,-0.4,-0.74,-0.73,2.2,0.08,-0.64,-0.533,0.9
6/1/1978,-0.39,-0.346,1.7,-1.18,-0.97,-0.56,-0.71,-0.92,1.1,-0.14,-0.47,-0.174,0.15
7/1/1978,-1.32,-0.289,-1.11,-0.94,-0.86,-0.62,-0.55,-2.43,0.9,-0.33,-0.08,-0.107,-1.24
8/1/1978,-0.54,-0.24,0.7,-1.37,-1.02,-0.59,-0.79,0.02,0.7,-0.33,-0.2,-0.224,-0.56
9/1/1978,0.17,-0.203,0.6,-0.88,-0.72,-0.48,-0.71,1.38,0.1,-0.21,-0.35,-0.261,-0.44
10/1/1978,0.51,-0.22,2.61,-0.96,-0.41,-0.56,-0.46,0.69,-0.6,0.08,-0.38,-0.502,0.1
11/1/1978,0.05,-0.132,3.06,-0.04,-0.31,-0.39,-0.38,-0.48,0,0.01,-0.43,-0.458,-0.07
12/1/1978,-1.09,-0.195,-1.54,0.09,0.01,-0.17,-0.06,-1.02,-0.1,-0.19,-0.16,-0.26,-0.43
1/1/1979,1.15,-0.205,-2.12,0.16,-0.32,0.04,-0.13,-1.54,-0.7,0.17,-0.16,0.317,-0.58
2/1/1979,2.5,-0.164,-1.2,-0.58,-0.29,-0.11,-0.22,-2.73,1.6,0.28,-0.24,-0.158,-1.33
3/1/1979,2.37,-0.241,0.41,-0.58,-0.06,-0.02,-0.02,0.08,0.2,0.15,-0.31,-0.034,0.3
4/1/1979,2.16,-0.25,-2.01,0.15,0.07,-0.02,0.02,-0.15,-0.2,0.29,0.01,-0.207,0.89
5/1/1979,2.42,-0.13,-0.9,-0.13,-0.05,-0.18,-0.25,1.27,0.8,0.35,0.07,-0.444,1.09
6/1/1979,1.96,-0.055,1.92,0.16,-0.15,-0.24,-0.29,-1.64,1.1,0.42,0.1,0.108,0.17
7/1/1979,1.16,-0.107,0.86,-0.26,-0.31,-0.2,-0.47,0.51,2.2,0.28,0.14,-0.315,0.84
8/1/1979,-0.42,-0.128,1.11,-0.07,0.13,-0.45,-0.1,0.67,-0.3,0.08,0.27,-0.226,0.52
9/1/1979,-0.89,-0.122,1.13,0.43,0.58,-0.29,0.28,1.02,0.2,0.1,0.29,-0.28,1
10/1/1979,-0.26,-0.1,0.18,0.45,0.44,-0.18,0.11,1.85,-0.2,0.1,0.05,-0.314,1.06
11/1/1979,0.08,-0.098,0.42,0.14,0.39,0.12,0.29,0.51,-0.7,0.11,0.06,-0.251,0.48
12/1/1979,0.89,-0.072,0.84,-0.08,0.43,0.29,0.52,-0.68,-1.2,0.26,-0.02,-0.101,-0.42
1/1/1980,2.99,-0.014,-1.38,-0.25,0.38,0.37,0.54,-1.01,0.7,0.4,-0.15,-0.158,-0.11
2/1/1980,3.35,-0.091,-0.39,-0.42,0.03,0.36,0.22,2.03,0.5,0.41,-0.34,-0.2,1.32
3/1/1980,3.01,-0.151,-0.73,-0.01,-0.18,0.19,0.03,-0.64,-0.7,0.17,-0.26,-0.417,1.09
4/1/1980,4.19,-0.013,1.26,0,-0.2,0.14,-0.07,1.66,-1,0.56,-0.11,-0.095,1.49
5/1/1980,5.1,0.117,-1.34,-0.43,-0.15,0.26,0.08,-0.16,0,0.71,-0.04,-0.066,1.2
6/1/1980,3.64,0.096,-0.07,-0.36,0.08,0.16,0.21,-0.81,0,0.47,-0.08,-0.382,-0.22
7/1/1980,1.53,0.038,-0.39,-0.84,-0.23,0.02,-0.06,-0.81,-0.1,0.19,-0.06,-0.661,0.23
8/1/1980,1.73,0.011,-3.01,-0.48,-0.34,-0.29,-0.38,-2.03,0.6,0.29,0.03,-0.822,0.51
9/1/1980,0.89,-0.02,0.79,-0.3,-0.18,-0.27,-0.28,-0.08,-0.8,0.21,0.11,-0.745,0.1
10/1/1980,0.22,-0.074,-1.41,-0.5,-0.42,-0.02,-0.26,2.87,0,0.05,-0.03,-0.657,1.35
11/1/1980,0.68,-0.209,-0.52,-0.41,-0.1,-0.02,-0.1,1.28,-0.6,0.03,-0.25,-0.417,0.37
12/1/1980,0.75,-0.261,0.63,-0.4,0.01,-0.03,0.05,-0.57,-0.1,-0.02,-0.59,-0.483,-0.1
1/1/1981,1.72,-0.189,-0.08,-1.5,-0.71,-0.13,-0.36,2.46,0.6,0.27,-0.27,-0.201,0.59
2/1/1981,2.78,-0.188,0.6,-1.17,-0.88,-0.17,-0.64,0.21,-0.3,0.16,-0.47,-0.024,1.46
3/1/1981,5.09,-0.007,-1.65,-0.55,-0.59,-0.17,-0.64,1.27,-2.1,0.6,-0.64,0.027,0.99
4/1/1981,4.03,-0.103,0.25,-0.73,-0.52,-0.52,-0.53,-1.23,-0.2,0.34,-0.52,0.092,1.45
5/1/1981,3.68,-0.091,0.24,-0.77,-0.54,-0.56,-0.57,1.83,1.3,0.36,-0.4,-0.018,1.75
6/1/1981,2.19,-0.07,-0.15,-0.63,-0.43,-0.59,-0.46,-0.1,2,0.18,-0.22,-0.24,1.69
7/1/1981,1.41,-0.102,0.08,-0.89,-0.6,-0.73,-0.64,-1.02,1.4,0.15,-0.23,-0.56,0.84
8/1/1981,0.32,-0.123,0.38,-1.13,-0.73,-0.71,-0.53,-1.54,1.2,0.09,0.12,-0.628,0.18
9/1/1981,0.02,-0.044,-1.27,-0.79,-0.23,-0.4,-0.19,0.08,0.5,0.14,0.2,-0.757,0.42
10/1/1981,-0.9,-0.194,-0.96,-0.57,-0.18,-0.38,-0.3,-1.43,-0.6,0.04,0.35,-0.606,0.18
11/1/1981,-0.17,-0.144,-0.53,-0.46,-0.41,-0.31,-0.41,1.19,0.3,0.13,0.26,-0.328,0.8
12/1/1981,1.91,-0.014,-0.11,-0.18,-0.05,-0.09,-0.2,-0.42,0.8,0.27,0.1,-0.019,0.67
1/1/1982,0.37,-0.089,-1.55,-0.26,0.2,-0.03,0.13,-1.75,2,0.19,0.03,0.144,0.34
2/1/1982,-0.22,-0.086,0.86,-0.79,0,-0.18,-0.17,-1.2,0.4,-0.07,-0.2,0.166,0.2
3/1/1982,-0.45,-0.088,0.8,-1.29,-0.1,0.07,0.13,-1.66,1,-0.07,-0.21,0.054,0.19
4/1/1982,-0.68,-0.19,-0.04,-0.81,-0.01,0.33,0.21,-2.08,0.1,-0.16,-0.35,0.119,-0.19
5/1/1982,0.31,-0.199,-0.44,-0.31,0.39,0.39,0.45,-0.53,-0.6,-0.03,-0.37,0.223,-0.58
6/1/1982,-0.3,-0.192,-1.34,0.13,0.54,0.45,0.53,2.17,-1.7,-0.15,-0.45,0.255,-0.78
7/1/1982,-0.92,-0.236,1.18,0.47,0.41,0.13,0.37,0.49,-2.5,-0.27,-0.44,0.265,0.58
8/1/1982,-0.75,-0.317,0.21,0.8,0.95,0.09,0.73,0.31,-2.9,-0.3,-0.57,0.256,0.39
9/1/1982,-2.21,-0.315,1.86,1.31,1.89,0.33,1.49,0.83,-2.9,-0.28,-0.31,0.442,0.84
10/1/1982,-3.12,-0.379,-0.29,1.81,2.3,0.67,1.99,-0.86,-2.8,-0.34,-0.11,0.623,0.37
11/1/1982,-4.18,-0.425,1.55,3.03,2.4,0.57,1.92,-0.47,-4.3,-0.46,-0.28,0.284,-0.25
12/1/1982,-5.89,-0.388,1.56,3.16,2.86,0.51,2.2,0.45,-3.7,-0.5,-0.17,-0.162,0.26
1/1/1983,-5.87,-0.306,1.34,2.65,3,0.39,2.35,0.87,-5.8,-0.36,0.33,-0.482,0.56
2/1/1983,-3.18,-0.112,-1.04,2.03,2.3,0.33,1.94,1.44,-6,-0.02,0.37,-0.587,1.14
3/1/1983,1.56,0.073,0.59,2.23,1.68,0.23,1.38,2.03,-4,0.44,-0.14,-0.752,2.11
4/1/1983,2.41,0.051,-1.07,3.32,1.55,0.04,0.95,0.98,-1.5,0.45,-0.25,-0.556,1.87
5/1/1983,1.11,-0.056,-0.01,3.85,1.73,0.16,0.9,-0.08,1,0.17,-0.45,-0.059,1.8
6/1/1983,1.25,-0.062,1.31,4.24,1.52,0,0.54,2.1,0.1,0.35,-0.45,0.371,2.36
7/1/1983,0.67,-0.023,1.22,3.8,0.8,-0.27,-0.11,0.82,-1,0.23,-0.31,0.525,3.51
8/1/1983,-0.98,-0.166,1.95,2.93,0.65,-0.4,-0.27,0.5,0.2,0.01,-0.08,0.345,1.85
9/1/1983,-1.12,-0.224,-0.95,1.37,0.13,-0.78,-0.52,-1.37,1.4,-0.18,0.04,-0.069,0.91
10/1/1983,-0.4,-0.203,1.22,0.99,-0.61,-0.89,-1.16,0.26,0.7,-0.15,-0.08,-0.288,0.96
11/1/1983,0.42,-0.166,-1.16,0.4,-1.03,-1.01,-1.29,1.75,-0.2,0.05,0.06,-0.343,1.02
12/1/1983,0.52,-0.011,0.18,0.21,-0.84,-0.83,-1.03,-0.61,0,0.23,0.39,-0.101,1.69
1/1/1984,-1.62,-0.114,1.42,-0.39,-0.58,-0.83,-0.67,0.6,0.3,-0.05,0.68,-0.223,1.5
2/1/1984,-2.97,-0.096,0.37,-0.88,-0.15,-0.72,-0.19,0.73,1.4,-0.2,0.65,-0.149,1.21
3/1/1984,-3.43,-0.133,-0.79,-0.87,-0.23,-0.85,-0.52,1.08,-0.4,-0.1,0.79,-0.122,1.77
4/1/1984,-2.76,-0.165,-0.45,-0.23,-0.49,-0.88,-0.68,1.41,0.6,-0.19,0.5,0.05,1.52
5/1/1984,-1.77,-0.174,0.55,-1.11,-0.93,-0.78,-0.73,0.37,0.3,-0.16,0.26,-0.305,1.3
6/1/1984,-2.65,-0.333,-0.12,-0.95,-1.17,-0.78,-0.9,-0.36,-0.6,-0.37,0.46,-0.357,0.18
7/1/1984,-3.17,-0.274,-0.04,-0.63,-0.78,-0.59,-0.5,-2.61,0.3,-0.35,0.55,-0.366,-0.18
8/1/1984,-3.57,-0.234,1.35,-0.56,-0.41,-0.62,-0.24,-1.14,0.7,-0.28,0.77,-0.498,-0.03
9/1/1984,-3.43,-0.217,0.31,-0.07,-0.34,-0.54,-0.34,-0.02,0.2,-0.24,0.84,-0.608,0.67
10/1/1984,-3.14,-0.352,0.43,-0.51,-0.67,-0.74,-0.67,-0.53,-0.5,-0.49,0.59,-0.654,0.58
11/1/1984,-3.12,-0.432,-0.2,-0.13,-0.99,-0.91,-1.19,0.39,0.4,-0.46,0.31,-0.418,0.71
12/1/1984,-2.68,-0.326,-0.09,-0.4,-1.27,-0.95,-1.34,-1.9,-0.2,-0.5,0.25,-0.278,0.82
1/1/1985,-3.04,-0.363,-2.38,-0.78,-1.26,-0.64,-1.16,1.44,-0.5,-0.43,0.32,-0.466,1.27
2/1/1985,-2.71,-0.338,-1,-1.38,-0.9,-0.71,-0.72,-0.99,2,-0.37,0.52,-0.627,0.94
3/1/1985,-3.92,-0.365,-0.19,-0.89,-0.78,-1.01,-0.79,-1.19,1.3,-0.62,0.14,-0.541,0.57
4/1/1985,-3.9,-0.409,0.2,-1.37,-1.05,-1.14,-1.18,-1.27,1.9,-0.65,0.15,-0.2,0.19
5/1/1985,-4.94,-0.346,-0.4,-1.88,-1.07,-0.98,-1.03,-0.82,0.7,-0.7,0.24,-0.223,0
6/1/1985,-0.62,-0.136,-0.5,-1.27,-1.02,-0.95,-0.91,1.28,-0.6,-0.3,0.04,-0.629,0.18
7/1/1985,0.12,-0.161,1.25,-1.4,-1.1,-0.72,-0.74,-0.19,-0.2,-0.05,0.27,-0.403,1.07
8/1/1985,-0.26,-0.29,-0.74,-1.23,-0.88,-0.58,-0.56,-0.53,1.6,-0.08,0.1,-0.459,0.81
9/1/1985,-0.39,-0.256,-0.36,-0.99,-0.86,-0.48,-0.7,-0.63,0,-0.16,0.02,-0.238,0.44
10/1/1985,-1.1,-0.254,1.49,-0.92,-0.8,-0.4,-0.49,-1.5,-0.6,-0.14,0.27,-0.498,0.29
11/1/1985,-0.23,-0.304,-0.84,-0.79,-0.7,-0.35,-0.37,-1.83,-0.3,-0.08,0.24,0.074,-0.75
12/1/1985,-1.88,-0.345,0.11,-0.38,-0.73,-0.24,-0.41,1.08,0.4,-0.25,0.29,-0.417,0.38
1/1/1986,-3.85,-0.352,0.78,0,-0.8,-0.25,-0.66,0.6,1.6,-0.62,0.2,-0.113,1.12
2/1/1986,-4.4,-0.284,-1.58,-0.1,-0.53,-0.23,-0.71,0.41,-1.7,-0.63,0.47,-0.135,1.61
3/1/1986,-4.39,-0.301,1.39,-0.73,-0.37,-0.16,-0.42,0.51,0.8,-0.61,0.38,-0.2,2.18
4/1/1986,-5.2,-0.333,-0.79,-0.85,-0.38,-0.34,-0.33,-0.15,0.5,-0.64,0.28,-0.286,1.55
5/1/1986,-4.42,-0.237,0.84,-1.18,-0.6,-0.33,-0.53,-0.03,-0.4,-0.54,0.26,-0.154,1.16
6/1/1986,-4.37,-0.27,1.54,-1.08,-0.45,-0.19,-0.31,0.39,1.6,-0.59,0.41,-0.278,0.89
7/1/1986,-3.02,-0.258,0.15,-0.49,-0.14,-0.08,-0.11,-0.35,0.5,-0.38,0.19,-0.546,1.38
8/1/1986,-2.75,-0.281,-1.53,-0.1,0.17,0.06,0.32,-1.49,-0.6,-0.41,0.21,-0.401,0.22
9/1/1986,-1.68,-0.229,-0.95,0.18,0.3,0.22,0.53,-0.28,-0.8,0.04,0.3,-0.142,0.22
10/1/1986,-2.34,-0.327,2.2,0.25,0.53,0.23,0.81,1.18,1.1,-0.2,0.14,-0.048,1
11/1/1986,-3.41,-0.406,2.27,0.36,0.78,0.38,1.01,-0.71,-2,-0.6,-0.17,-0.244,1.77
12/1/1986,-5.95,-0.38,0.83,0.6,0.92,0.32,1.12,1.06,-2.4,-0.69,0.02,-0.274,1.77
1/1/1987,-3.66,-0.287,-1.85,0.99,1.02,0.3,1.14,0.63,-1.1,-0.32,0.02,-0.081,1.88
2/1/1987,-2.74,-0.227,-1.27,0.97,1.14,0.5,1.13,0.57,-2.1,-0.17,0.08,0.041,1.75
3/1/1987,0.18,-0.042,-0.26,1.44,1,0.47,0.98,0.85,-2.1,0.22,0.16,-0.137,2.1
4/1/1987,0.93,0.02,2.03,1.56,0.77,0.08,0.58,1.54,-2.3,0.33,0.04,-0.157,2.16
5/1/1987,0.57,0.059,0.96,1.52,0.89,0.19,0.62,-1.02,-2.1,0.37,0.28,0.165,1.85
6/1/1987,2.34,0.194,-1.53,0.98,0.86,0.4,0.92,0.56,-1.8,0.62,0.42,0.109,0.73
7/1/1987,0.22,0.27,0.55,1.03,1.11,0.49,1.29,-0.43,-2.2,0.48,0.5,0.207,2.01
8/1/1987,0.78,0.27,-1.19,0.82,1.45,0.59,1.57,0.74,-1.5,0.56,0.43,0.297,2.83
9/1/1987,0.38,0.185,-1.04,1.1,1.66,0.78,1.65,-2.6,-1.7,0.4,0.32,0.393,2.44
10/1/1987,0.58,0.037,0.66,1.45,1.16,0.82,1.24,0.75,-0.6,0.45,0.42,0.255,1.36
11/1/1987,-0.68,-0.079,0.06,1.14,0.99,0.82,1.07,1.19,0,0.36,0.63,-0.051,1.47
12/1/1987,1.1,0.034,0.21,0.67,1,0.76,0.94,0.5,-0.8,0.52,0.39,0.152,1.27
1/1/1988,-1.36,-0.051,0.68,0.02,0.68,0.65,0.9,0.03,-0.2,0.15,0.63,0.353,0.93
2/1/1988,-2.51,-0.126,0.42,-0.31,-0.01,0.45,0.28,1.37,-0.6,-0.02,0.66,-0.154,1.24
3/1/1988,-0.66,-0.021,-0.58,-0.81,-0.15,0.14,0.1,0.38,1.1,0.27,0.77,-0.313,1.42
4/1/1988,1.39,0.04,-1.42,-0.83,-0.65,-0.36,-0.44,1.12,0.2,0.38,0.59,-0.128,0.94
5/1/1988,0.48,0.126,0.64,-1.26,-1.57,-0.62,-1.25,0.61,1.5,0.29,0.71,-0.513,1.2
6/1/1988,1.71,0.154,1.19,-1.66,-2.18,-0.88,-1.74,1.31,0.1,0.34,0.73,-0.272,0.74
7/1/1988,1.74,0.098,-0.32,-1.37,-2.06,-0.94,-1.74,1.6,1.7,0.27,0.46,-0.15,0.64
8/1/1988,0.47,-0.02,-0.07,-1.46,-1.48,-0.77,-1.19,-0.62,2.5,0.03,0.5,-0.289,0.19
9/1/1988,0.2,-0.107,-0.82,-1.29,-1.09,-0.92,-1,-0.97,3,0.06,0.3,-0.394,-0.37
10/1/1988,-0.28,-0.183,-0.66,-1.2,-1.55,-1.64,-1.9,0.89,2.3,-0.2,0.37,-0.525,-0.1
11/1/1988,0.08,-0.16,-0.49,-0.96,-1.67,-1.73,-2.05,0.11,2.8,-0.23,0.14,-0.183,-0.02
12/1/1988,-0.21,-0.177,0.48,-0.75,-1.61,-1.77,-1.96,0.33,2,-0.23,0.19,0.156,-0.43
1/1/1989,-2.6,-0.234,0.85,-0.3,-1.44,-1.72,-1.97,-1.57,2.5,-0.42,0.41,-0.281,-0.95
2/1/1989,-2.84,-0.169,1.82,-0.06,-0.96,-1.53,-1.47,-1.71,2,-0.48,0.23,-0.045,-1.02
3/1/1989,-4.84,-0.266,1.54,-0.15,-1.01,-1.16,-1.21,-1.56,1.8,-0.66,0.35,-0.319,-0.83
4/1/1989,-5.79,-0.302,0.16,-0.09,-0.86,-1.01,-1.08,-0.77,2.7,-0.89,0.29,-0.48,-0.32
5/1/1989,-4.45,-0.16,1.33,-1.2,-0.83,-0.79,-0.88,-0.04,2,-0.66,0.33,-0.594,0.47
6/1/1989,0.35,0.078,0.03,-1.08,-0.32,-0.92,-0.59,-0.56,1.2,-0.17,0.31,-0.78,0.36
7/1/1989,2.14,0.164,1,-0.79,-0.45,-0.85,-0.57,-0.59,1.5,0.25,0.26,-0.447,0.83
8/1/1989,2.68,0.1,-0.11,-0.3,-0.4,-0.77,-0.53,-0.27,-0.5,0.39,0.39,-0.321,0.09
9/1/1989,0.52,-0.108,2.15,-0.65,-0.3,-0.5,-0.3,0.41,0.8,0.06,0.21,-0.225,0.05
10/1/1989,0.54,-0.136,0.48,-0.48,-0.4,-0.45,-0.4,-1.08,1.3,0.12,0.28,-0.412,-0.12
11/1/1989,-0.24,-0.163,0.03,-0.24,-0.59,-0.54,-0.45,-0.7,-0.4,-0.04,-0.06,-0.338,-0.5
12/1/1989,1.63,-0.166,-1.15,-0.4,-0.38,-0.12,-0.13,0.57,-0.9,0.22,-0.25,-0.167,-0.21
1/1/1990,-0.18,-0.312,0.7,-0.48,-0.29,0.16,0.01,-1.09,-0.1,-0.08,-0.34,-0.099,-0.3
2/1/1990,-1.27,-0.175,1.16,-0.16,0.01,0.38,0.21,-2.78,-3,-0.1,0.13,-0.289,-0.65
3/1/1990,-1.6,-0.192,1.13,-0.44,-0.28,0.31,0.04,0.04,-0.7,-0.04,0.32,-0.143,-0.62
4/1/1990,-0.8,-0.131,2.03,-0.52,-0.1,0.12,0.08,-0.62,0.3,0.06,0.35,-0.385,0.27
5/1/1990,0.61,-0.072,-1.37,-0.24,0.16,-0.06,0.08,0.27,2,0.13,-0.06,-0.348,0.44
6/1/1990,-0.3,-0.07,0.29,-0.3,-0.04,-0.05,-0.08,-1.39,0.5,-0.02,0.08,-0.568,0.44
7/1/1990,0.91,-0.035,0.56,-0.66,0.01,0.02,0.09,-0.26,0.9,0.06,-0.11,-0.246,0.27
8/1/1990,2.1,0.039,1.12,-0.44,0.11,0.13,0.22,1.76,-0.3,0.3,-0.13,-0.392,0.11
9/1/1990,2.08,0.133,1.18,-0.49,0.12,0.22,0.22,-0.46,-1.2,0.4,-0.07,-0.183,0.38
10/1/1990,1.35,0.099,0.76,-0.7,-0.14,0.39,0.21,-0.91,0.4,0.41,0.1,-0.345,-0.69
11/1/1990,0.83,-0.067,-0.39,-0.65,-0.2,0.5,0.1,-1.66,-0.8,0.33,0.17,-0.094,-1.69
12/1/1990,-0.54,-0.05,0.11,-0.5,-0.08,0.65,0.35,-1.62,-0.4,0.17,0.22,0.003,-2.23
1/1/1991,-1.29,-0.209,0.49,-0.54,0.13,0.58,0.49,0.2,1,-0.14,0.12,0.065,-2.02
2/1/1991,-1.19,-0.131,0.74,-0.38,0,0.54,0.32,1.13,0.4,-0.11,0.06,-0.097,-1.19
3/1/1991,-2.06,-0.083,-0.61,-0.21,-0.16,0.34,0.03,-1.21,-1.1,-0.22,0.14,-0.037,-0.74
4/1/1991,-3.57,-0.147,0.17,-0.3,-0.05,0.34,0.19,0.38,-1,-0.39,0.31,0.289,-1.01
5/1/1991,-4.43,-0.168,0.12,-0.33,0.24,0.46,0.26,-0.63,-1.7,-0.42,0.49,0.379,-0.51
6/1/1991,-5.03,-0.144,-0.52,0.21,0.68,0.38,0.52,-0.92,-0.2,-0.43,0.44,0.263,-1.47
7/1/1991,-4.12,-0.122,-0.46,0.6,0.83,0.45,0.76,0.28,0,-0.39,0.05,0.27,-0.1
8/1/1991,-2.15,-0.123,1.46,0.37,0.51,0.47,0.68,-0.28,-0.7,-0.29,-0.33,0.058,0.36
9/1/1991,0.38,-0.052,0.61,0.46,0.36,0.33,0.42,1.15,-2.5,-0.14,-0.36,0.099,0.65
10/1/1991,-1.31,-0.277,0.3,0.65,0.61,0.7,0.86,-2.35,-1.7,-0.11,-0.36,-0.03,0.49
11/1/1991,-1.22,-0.276,0.37,0.72,0.95,0.69,1.2,0.22,-1.1,-0.15,-0.34,0.04,0.42
12/1/1991,-2.19,-0.229,0.34,0.83,1.25,0.81,1.69,0.17,-2.9,-0.18,-0.08,0.084,0.09
1/1/1992,-1.47,-0.205,-0.66,0.47,1.37,0.62,1.84,0.99,-4.7,0,-0.27,-0.321,0.05
2/1/1992,-0.98,-0.109,0.77,0.61,1.27,0.89,1.78,0.09,-1.5,0.04,-0.26,-0.389,0.31
3/1/1992,-0.75,-0.108,0.51,1.24,1.05,0.64,1.38,0.46,-3.3,-0.18,-0.4,-0.671,0.67
4/1/1992,-1.21,-0.199,1.88,2.19,1.17,0.46,1.2,-0.29,-1.7,-0.29,-0.57,-0.553,0.75
5/1/1992,-0.34,-0.237,2.49,2.22,1.19,0.31,1.04,1.2,0.4,-0.18,-0.66,-0.549,1.54
6/1/1992,0.02,-0.166,0.51,0.85,0.55,0.27,0.58,1.36,-1,-0.11,-0.8,-0.861,1.26
7/1/1992,0.68,-0.235,0.19,-0.07,-0.06,0.31,0.22,0.38,-1,-0.01,-0.6,-0.479,1.9
8/1/1992,0.08,-0.396,0.97,-0.14,-0.08,0.14,0.05,-0.37,0.6,-0.23,-0.66,-0.768,1.44
9/1/1992,-0.02,-0.385,-0.28,0.03,-0.07,0.1,-0.06,-1.13,0.1,-0.21,-0.56,-0.833,0.83
10/1/1992,0.06,-0.316,-1.4,0.01,-0.34,0,-0.3,0.4,-2.3,-0.06,-0.52,-0.627,0.93
11/1/1992,-0.71,-0.35,1.12,-0.07,-0.46,-0.01,-0.28,0.8,-1.1,-0.3,-0.79,-0.399,0.93
12/1/1992,-1.34,-0.3,0.35,-0.1,-0.36,0.07,-0.15,-1.53,-0.9,-0.23,-0.36,-0.317,0.53
1/1/1993,-2.26,-0.256,1.35,-0.01,-0.11,0.22,0.14,-1.48,-1.5,-0.25,-0.25,-0.196,0.05
2/1/1993,-2.51,-0.202,0.12,0.3,0.39,0.1,0.41,0.44,-1.2,-0.25,-0.13,0.035,0.19
3/1/1993,-3.14,-0.26,0.3,0.6,0.4,0.05,0.39,0.94,-0.8,-0.23,-0.09,-0.295,0.76
4/1/1993,-3.26,-0.189,0.91,1.25,0.84,0.04,0.59,1.26,-1.9,-0.07,0.2,-0.181,1.21
5/1/1993,-2.3,-0.18,-0.67,1.15,1.07,0.07,0.78,2.43,-0.6,-0.04,0.03,-0.027,2.13
6/1/1993,-0.88,-0.197,-0.29,1.04,0.44,0.04,0.35,0.66,-1.4,0.07,-0.03,-0.108,2.34
7/1/1993,-2.55,-0.293,-3.14,0.7,0.24,0.07,0.23,-0.28,-1.3,-0.17,0.05,-0.152,2.35
8/1/1993,-2.52,-0.245,0.03,0.56,0.24,0.13,0.13,-0.17,-1.6,-0.11,0.04,-0.305,2.69
9/1/1993,-2.64,-0.181,-0.41,0.38,0.32,0.3,0.35,-0.97,-1.2,-0.12,0.44,-0.17,1.56
10/1/1993,-3.22,-0.259,-0.26,0.55,0.13,0.02,0.06,-0.17,-1.8,-0.13,0.69,-0.156,1.41
11/1/1993,-5.27,-0.335,2.56,0.31,-0.01,0.09,0,-0.35,-0.1,-0.34,0.75,-0.149,1.24
12/1/1993,-5.93,-0.31,1.36,0.02,0.09,0.18,0.16,0.42,0.3,-0.41,0.5,-0.206,1.07
1/1/1994,-6.23,-0.313,0.7,-0.09,0.2,0.11,0.1,-0.8,-0.2,-0.59,0.32,0.025,1.21
2/1/1994,-5.47,-0.326,0.08,-0.33,-0.08,-0.06,0.06,-1.27,0.4,-0.61,0.12,-0.146,0.59
3/1/1994,-5.56,-0.296,0.92,-1.01,-0.35,0.05,0.11,0.23,-1.1,-0.6,0.24,0.202,0.8
4/1/1994,-4.92,-0.217,1.1,-1.27,-0.38,0.11,0.26,-0.7,-2.1,-0.46,0.18,0.351,1.05
5/1/1994,-4.82,-0.224,-0.48,-1.06,-0.1,0.23,0.31,0.48,-1.1,-0.5,0.11,0.544,1.23
6/1/1994,-3.49,-0.239,1.84,-0.91,-0.06,0.26,0.32,-1.36,-0.7,-0.43,-0.18,0.433,0.46
7/1/1994,-2.31,-0.248,1.34,-0.87,-0.28,0.5,0.24,-0.06,-2.2,-0.39,-0.26,0.557,0.06
8/1/1994,-2.24,-0.252,0.36,-1.03,-0.26,0.71,0.53,-1.38,-2,-0.29,-0.17,0.811,-0.79
9/1/1994,-1.71,-0.169,-1.14,-0.15,-0.05,0.54,0.48,-2.02,-2.6,-0.24,-0.15,0.529,-1.36
10/1/1994,-1.42,-0.076,-0.54,0.8,0.52,0.69,0.75,-0.09,-1.9,-0.08,-0.05,0.707,-1.32
11/1/1994,-1.7,-0.037,0.54,0.6,0.89,0.75,1.11,-1.61,-0.9,-0.03,0.08,0.287,-1.96
12/1/1994,-2.24,-0.108,1.78,0.86,0.82,0.92,1.25,0.39,-2,-0.13,0.2,0.263,-1.79
1/1/1995,-1.37,-0.08,0.57,0.73,0.77,0.72,1.02,0.2,-0.7,-0.05,0.4,0.14,-0.49
2/1/1995,-1.66,-0.057,0.85,0.1,0.45,0.71,0.73,0.68,-0.2,-0.04,0.61,0.164,0.46
3/1/1995,-3.49,-0.001,0.91,-0.49,-0.03,0.71,0.46,0.03,1.2,-0.05,0.74,-0.05,0.75
4/1/1995,-1.58,0.058,-1.07,-1.55,-0.4,0.52,0.28,0.04,-1.1,0.11,0.61,-0.221,0.83
5/1/1995,0.76,0.254,-1.33,-1.41,-0.72,0.39,-0.11,0.09,-0.6,0.3,0.59,-0.251,1.46
6/1/1995,1.33,0.346,0.44,-0.93,-0.55,0.21,-0.14,0.9,0.2,0.48,0.64,-0.078,1.27
7/1/1995,2.48,0.296,-0.19,-0.61,-0.44,0.03,-0.21,-0.74,0.7,0.58,0.35,-0.169,1.71
8/1/1995,2.99,0.165,0.76,-0.41,-0.9,-0.14,-0.63,-0.33,0.5,0.59,-0.07,-0.144,0.21
9/1/1995,2.91,0.036,0.45,-0.28,-1.04,-0.35,-0.84,1.22,0.4,0.4,-0.04,-0.18,1.16
10/1/1995,3.46,0.084,0.72,-0.55,-1,-0.45,-0.88,0.11,0,0.37,-0.05,-0.367,0.47
11/1/1995,4.66,0.109,-1.59,-0.28,-1.07,-0.59,-1.1,-0.73,0.1,0.51,0.12,-0.294,-0.28
12/1/1995,4.35,0.024,-1.64,-0.85,-0.98,-0.5,-0.95,0.62,-0.8,0.47,0,0.09,0.16
1/1/1996,5.71,-0.028,-0.65,-0.65,-0.81,-0.47,-0.86,-0.68,1.6,0.74,0.18,-0.021,0.59
2/1/1996,2.64,-0.05,-0.52,-0.44,-0.67,-0.52,-0.86,-0.7,0.4,0.4,0.43,-0.033,0.75
3/1/1996,0.09,-0.075,-0.66,-0.33,-0.53,-0.4,-0.61,-0.75,1.9,0.22,0.47,-0.085,1.01
4/1/1996,0.02,-0.008,-0.33,-1.92,-0.83,-0.46,-0.47,0.51,1.3,0.31,0.65,-0.369,1.46
5/1/1996,-0.15,-0.083,-0.93,-1.44,-0.74,-0.45,-0.38,0.37,0.5,0.36,0.77,-0.266,2.18
6/1/1996,-1.58,-0.141,0.87,-1.89,-0.76,-0.48,-0.44,-1.18,1.9,0.18,0.87,-0.394,1.1
7/1/1996,-1.27,-0.123,0.7,-1.26,-0.64,-0.45,-0.44,0.18,1.1,0.12,0.66,-0.643,0.77
8/1/1996,-0.58,-0.026,1.19,-0.87,-0.42,-0.32,-0.22,-0.93,1.2,-0.03,0.35,-0.681,-0.14
9/1/1996,0.53,-0.02,-0.69,-0.65,-0.5,-0.37,-0.45,-0.27,1,0.15,0.13,-0.712,0.24
10/1/1996,1.17,-0.163,0.15,-0.7,-0.59,-0.31,-0.44,-0.67,1,0.08,0.12,-1.108,-0.33
11/1/1996,1.42,-0.192,-0.72,-1.1,-0.66,-0.23,-0.41,-0.44,-0.1,0.03,0.12,-0.797,0.09
12/1/1996,2.32,-0.173,-1.4,-1.13,-1.01,-0.19,-0.64,-1.53,1.5,0.14,-0.06,-0.413,-0.03
1/1/1997,4.26,-0.109,-1.08,-0.9,-0.89,0.01,-0.53,0.16,0.8,0.31,-0.22,-0.11,0.23
2/1/1997,3.32,-0.054,1.48,-0.22,-0.68,0.19,-0.37,0.45,2.9,0.34,-0.34,0.079,0.28
3/1/1997,2.7,-0.013,1.13,0.54,-0.35,0.24,-0.25,-1.56,-0.7,0.15,-0.47,0.043,0.65
4/1/1997,2.11,-0.011,-1.25,0.91,-0.12,0.59,0.16,0.29,-1,0.27,-0.5,0.054,1.05
5/1/1997,2.52,0.021,-0.21,2.12,0.65,0.53,0.64,0.77,-2.2,0.43,-0.54,0.025,1.83
6/1/1997,2.32,-0.01,-1.17,3,1.51,0.26,1.09,-0.25,-2.3,0.54,-0.67,0.082,2.76
7/1/1997,0.23,0.042,0.37,3.63,2.09,0.47,1.56,0.1,-1.2,0.34,-0.27,0.447,2.35
8/1/1997,-1.4,-0.003,0.94,3.96,2.59,0.5,1.89,-0.55,-2.4,0.16,-0.09,0.634,2.79
9/1/1997,-1.16,0.091,0.74,3.96,2.84,0.68,2.13,0.22,-2.4,0.26,0.21,0.771,2.19
10/1/1997,-0.15,0.132,-1.34,3.67,3.08,0.58,2.36,-0.12,-2.4,0.59,0.69,0.873,1.61
11/1/1997,-0.35,0.033,-1.08,4.47,3.27,0.69,2.41,0.86,-2,0.58,0.79,1.279,1.12
12/1/1997,-1.44,0.113,-0.98,4.25,3.3,0.57,2.29,0.85,-1.6,0.44,1.03,0.863,0.67
1/1/1998,-1.55,0.112,-0.05,3.55,3.08,0.64,2.38,0.3,-4.4,0.43,0.72,0.525,0.83
2/1/1998,1.52,0.273,-0.57,2.64,2.49,0.59,2.03,0.89,-3.4,0.77,0.74,0.422,1.56
3/1/1998,2.17,0.303,0.51,2.74,1.92,0.3,1.34,0.69,-4,0.75,0.69,-0.055,2.01
4/1/1998,0.74,0.273,-0.88,2.68,1.64,-0.07,0.78,0.85,-2.4,0.59,0.54,0.047,1.27
5/1/1998,1.2,0.365,-1.17,2.72,1.39,-0.26,0.57,-1.87,0.4,0.59,0.54,0.14,0.7
6/1/1998,1.42,0.471,-2.44,2.24,0.37,-0.71,-0.39,0.09,1.6,0.66,0.66,0.147,0.4
7/1/1998,0.85,0.469,-0.45,1.42,-0.38,-0.78,-0.99,1.67,2,0.56,0.85,-0.385,-0.04
8/1/1998,1.89,0.494,-0.15,0.96,-0.67,-1.02,-1.28,-0.6,1.9,0.67,0.59,-0.58,-0.22
9/1/1998,1.35,0.394,-1.8,0.22,-0.95,-1.02,-1.26,0.42,1.7,0.51,0.41,-0.496,-1.21
10/1/1998,4.11,0.363,0.2,0.33,-0.99,-1.34,-1.46,0.77,1.8,0.49,0.21,-0.743,-1.39
11/1/1998,4.39,0.298,-0.43,-0.14,-0.86,-1.45,-1.46,0.7,1.7,0.43,0.32,-0.653,-0.52
12/1/1998,3.97,0.261,0.72,-0.18,-1.1,-1.48,-1.69,-0.39,2.3,0.29,0.11,-0.336,-0.44
1/1/1999,1.36,0.032,0.39,-0.78,-1.25,-1.68,-1.69,-0.44,3,-0.1,0.13,-0.13,-0.32
2/1/1999,-0.3,0.039,-0.11,-0.54,-0.88,-1.64,-1.32,-0.46,1.6,-0.2,0.05,-0.038,-0.66
3/1/1999,-2.06,0.05,-0.16,-0.04,-0.52,-1.35,-0.95,0.38,2.1,-0.23,0.33,0.102,-0.33
4/1/1999,-2.8,0.033,-1.18,-0.9,-0.87,-1.21,-1.11,0.05,2.3,-0.13,0.45,-0.002,-0.41
5/1/1999,-1.87,0.144,0.9,-0.69,-0.81,-1.03,-1.15,-0.05,0.4,0.11,0.53,-0.186,-0.68
6/1/1999,-0.83,0.161,1.44,-0.76,-0.9,-1.01,-1.19,0.43,0.4,0.15,0.49,-0.145,-1.3
7/1/1999,-1.1,0.179,-0.87,-0.23,-0.76,-1.14,-1.17,-0.92,0.9,0.17,0.64,0.112,-0.66
8/1/1999,0.94,0.288,0.38,-0.11,-0.84,-1.1,-1.22,1.95,0.6,0.34,0.55,0.023,-0.96
9/1/1999,2.35,0.166,0.5,-1.05,-1.11,-0.97,-1.09,0.33,-0.1,0.38,0.24,-0.05,-1.53
10/1/1999,2.2,-0.002,0.73,-0.86,-1.38,-0.97,-1.23,0.62,1.6,0.25,0.28,-0.19,-2.23
11/1/1999,2.29,-0.067,0.55,-1.23,-1.5,-1.27,-1.58,0.45,1.7,0.13,0.33,-0.116,-2.05
12/1/1999,3.66,-0.004,1.4,-0.64,-1.55,-1.36,-1.74,-0.09,2.4,0.27,0.36,-0.148,-1.63
1/1/2000,1.19,-0.102,0.19,-0.76,-1.66,-1.33,-1.77,-1.7,1.1,-0.18,0.21,-0.125,-2
2/1/2000,-0.38,-0.057,1.48,-0.62,-1.14,-1.47,-1.55,1.2,2.7,-0.1,0.39,-0.009,-0.83
3/1/2000,0.31,0.085,0.4,-0.47,-0.5,-1.43,-0.98,0.95,2.2,0.06,0.4,0.14,0.29
4/1/2000,-1.41,0.023,-0.18,-0.04,-0.17,-1.43,-0.87,-0.58,2,-0.01,0.37,0.141,0.35
5/1/2000,-1.99,0.086,1.52,-0.4,-0.37,-1.29,-0.86,-0.16,0.6,-0.06,0.29,0.113,-0.05
6/1/2000,-2.3,-0.037,0.28,-0.38,-0.59,-0.91,-0.79,-1.19,-0.3,-0.16,0.2,-0.022,-0.44
7/1/2000,-1.05,0.053,-1,-0.28,-0.62,-0.73,-0.67,-2.55,-0.3,0.01,0.15,0.077,-0.66
8/1/2000,-0.38,0.084,-0.5,-0.57,-0.48,-0.62,-0.49,-0.51,1.2,0.15,0.2,0.131,-1.19
9/1/2000,-0.12,0.083,-0.06,-0.23,-0.32,-0.49,-0.52,-1.21,1.4,0.02,0.02,-0.096,-1.24
10/1/2000,0.15,-0.059,1.51,-0.27,-0.5,-0.65,-0.7,0.44,1.8,0,0.1,-0.142,-1.3
11/1/2000,0.39,-0.072,-1.1,-1.19,-0.7,-0.77,-0.79,0.7,3,-0.12,0.07,-0.306,-0.53
12/1/2000,0.24,-0.146,-0.63,-0.96,-0.66,-0.95,-0.92,0.92,1.3,-0.19,-0.01,-0.248,0.52
1/1/2001,0.4,-0.146,-0.22,-0.63,-0.42,-0.89,-0.73,1.29,1.6,-0.13,0.16,-0.431,0.6
2/1/2001,-0.06,-0.046,0.07,-0.48,-0.28,-0.82,-0.63,-0.51,2.8,-0.15,0.17,-0.017,0.29
3/1/2001,0.15,-0.005,-1.73,0.17,-0.01,-0.71,-0.48,0.39,1.5,0.15,0.29,-0.01,0.45
4/1/2001,-1.45,-0.031,-0.15,0.18,-0.12,-0.59,-0.49,-0.7,0.3,0.05,0.38,0.136,-0.31
5/1/2001,-2.08,-0.028,0.03,-0.71,-0.14,-0.39,-0.34,-0.01,-0.8,0.06,0.47,0.137,-0.3
6/1/2001,-0.64,0.179,0.11,-0.85,-0.28,-0.17,-0.19,-0.89,0.5,0.24,0.36,0.127,-0.47
7/1/2001,0.41,0.116,-0.22,-0.58,-0.27,0.09,-0.04,-0.36,-0.3,0.3,0.15,-0.14,-1.31
8/1/2001,0.41,0.158,-0.22,-0.84,-0.22,0.05,-0.05,-0.14,-0.7,0.34,0.14,-0.301,-0.77
9/1/2001,2.93,0.267,-0.49,-1.13,-0.59,0.21,-0.2,0.04,0.3,0.51,0.11,-0.223,-1.37
10/1/2001,3.31,0.232,0.25,-1.13,-0.43,0.19,-0.14,-0.08,-0.1,0.48,0.2,-0.451,-1.37
11/1/2001,5.03,0.137,0.53,-0.89,-0.68,0.08,-0.37,1.03,1.1,0.62,0.16,-0.245,-1.26
12/1/2001,5.54,0.194,-0.86,-1.02,-0.62,0.12,-0.41,0.26,-1.4,0.66,0.01,-0.051,-0.93
1/1/2002,6.05,0.162,0,-0.78,-0.49,0.4,-0.15,-0.7,0.7,0.78,0.14,-0.142,0.27
2/1/2002,4.3,0.146,0.8,-0.07,-0.24,0.46,-0.04,-0.11,1.8,0.53,-0.06,-0.098,-0.64
3/1/2002,2.14,0.125,0.32,0.77,0.14,0.25,0.01,-1.56,-0.4,0.37,0.29,0.008,-0.43
4/1/2002,-2.38,0.008,1.14,0.82,0,0.41,0.02,-2.4,-0.1,-0.02,0.31,-0.352,-0.32
5/1/2002,-4.39,-0.068,-0.15,0.63,0.26,0.6,0.31,-0.56,-1.4,-0.19,0.49,-0.329,-0.63
6/1/2002,-4.43,-0.136,0.69,0.38,0.57,0.64,0.72,0.06,-0.4,-0.13,0.33,-0.19,-0.35
7/1/2002,-3.56,-0.085,0.65,-0.23,0.39,0.63,0.74,0.4,-0.8,-0.06,0.47,-0.26,-0.31
8/1/2002,-1.99,0.087,0.36,-0.26,0.51,0.64,0.87,0.61,-1.6,-0.05,0.01,-0.208,0.6
9/1/2002,-0.73,0.06,-0.54,0.2,0.86,0.61,1.09,0.6,-1,0.07,-0.08,0.286,0.43
10/1/2002,1.14,0.092,-1.97,0.37,0.99,0.65,1.25,-0.55,-0.6,0.36,0.14,0.405,0.42
11/1/2002,0.91,0,-0.32,0.97,1.3,0.85,1.47,1.46,-0.7,0.22,-0.07,0.096,1.51
12/1/2002,-0.45,-0.015,-0.96,1.1,1.21,0.84,1.37,1.28,-1.8,0.2,0.35,-0.158,2.1
1/1/2003,0.13,0.031,-0.32,0.13,0.57,0.57,0.6,1.01,-0.3,0.27,0.56,-0.239,2.09
2/1/2003,-1.6,-0.032,0.26,-0.12,0.44,0.69,0.64,0.68,-1.1,0,0.57,0.017,1.75
3/1/2003,-3.1,0.093,-0.07,-0.07,0.19,0.6,0.36,-0.36,-0.5,0.04,0.63,-0.039,1.51
4/1/2003,-1.79,0.06,-0.34,-0.56,-0.44,0.33,-0.14,-0.1,-0.2,0,0.42,-0.099,1.18
5/1/2003,-1.51,0.132,0.06,-1.65,-0.96,-0.05,-0.61,-1.85,-0.5,0.06,0.37,-0.164,0.89
6/1/2003,-0.11,0.186,0.24,-1.35,-0.59,0.1,-0.29,-0.53,-1,0.22,0.1,0.139,0.68
7/1/2003,-0.16,0.257,0.16,-1.01,0.12,0.19,0.21,0.73,0.5,0.36,0.4,0.131,0.96
8/1/2003,1.37,0.396,-0.22,0.01,0.26,0.19,0.26,-0.31,0.2,0.59,0.49,0.108,0.88
9/1/2003,2.67,0.432,0.16,-0.45,0.15,0.18,0.27,0.59,-0.2,0.66,0.49,-0.061,0.01
10/1/2003,3.82,0.407,-0.86,0.23,0.4,0.36,0.42,1.23,0,0.8,0.53,-0.243,0.83
11/1/2003,2.17,0.204,0.77,0.28,0.64,0.37,0.33,-1.65,-0.5,0.48,0.55,-0.159,0.52
12/1/2003,1.98,0.205,0.5,0.22,0.77,0.43,0.43,0.56,1.8,0.49,0.56,0.189,0.33
1/1/2004,2.87,0.191,-0.85,-0.21,0.42,0.43,0.27,-0.12,-2.2,0.5,0.41,0.044,0.43
2/1/2004,3.07,0.19,-0.6,-0.07,0.3,0.38,0.23,1.12,2,0.51,0.22,0.114,0.48
3/1/2004,2.17,0.138,0.67,-0.74,0.13,0.1,0.12,0,0.7,0.36,-0.01,0.077,0.61
4/1/2004,2.72,0.089,1.11,-0.57,-0.07,0.09,0.07,0.25,-1.5,0.46,-0.26,-0.08,0.57
5/1/2004,0.9,-0.014,0.23,-1.59,-0.45,0.11,0.06,-1.46,1.7,0.17,-0.12,-0.565,0.88
6/1/2004,1.22,0.158,-0.59,-1.07,-0.26,0.22,0.13,-0.28,-1.4,0.27,-0.08,-0.384,0.04
7/1/2004,1.82,0.208,1.16,-0.78,-0.02,0.42,0.49,-0.33,-0.8,0.46,0.08,-0.301,0.44
8/1/2004,3.7,0.297,-0.74,-0.75,0.24,0.55,0.76,1.52,-0.5,0.68,0.22,-0.132,0.85
9/1/2004,2.96,0.221,0.52,-0.27,0.45,0.69,0.81,-0.11,-0.6,0.59,0.33,-0.106,0.75
10/1/2004,4.1,0.222,-0.69,0.15,0.54,0.7,0.73,-1.37,-0.1,0.62,0.14,-0.004,-0.11
11/1/2004,4.88,0.201,0.63,0.72,0.63,0.76,0.66,0.29,-1.1,0.63,0.24,-0.153,-0.63
12/1/2004,3.78,0.168,1.03,0.36,0.69,0.87,0.74,-0.04,-1.3,0.53,0.43,-0.132,-0.17
1/1/2005,2.39,0.091,1.26,-0.02,0.32,0.88,0.66,-0.62,0.6,0.46,0.61,-0.124,0.44
2/1/2005,1.43,0.106,-0.51,-0.94,-0.09,0.67,0.36,-0.11,-5.2,0.38,0.49,-0.56,0.81
3/1/2005,2.27,0.264,-2.32,-1.46,-0.07,0.61,0.45,0.56,0.5,0.68,0.61,-0.432,1.36
4/1/2005,3.82,0.272,-0.47,-0.42,-0.05,0.42,0.26,1,-1,0.81,0.29,0.084,1.03
5/1/2005,4.58,0.273,-1.11,-0.38,0.16,0.29,0.3,1.62,-1.3,1.01,-0.06,-0.033,1.86
6/1/2005,5.55,0.307,0.26,-0.77,0.06,0.17,0.04,0.42,0.7,0.92,-0.26,-0.176,1.17
7/1/2005,4.03,0.427,-0.48,-0.35,0.1,-0.11,-0.23,-0.02,0.3,0.84,-0.32,-0.384,0.66
8/1/2005,3.31,0.42,0.35,-0.4,0.18,-0.06,-0.05,0.69,-0.6,0.74,0.01,-0.345,0.25
9/1/2005,4.08,0.399,0.76,-0.74,-0.08,0.03,-0.04,1.32,0.6,0.73,-0.09,-0.534,-0.46
10/1/2005,3.63,0.218,-0.55,-1.27,-0.34,0.09,-0.06,1.16,2,0.54,0,-0.436,-1.32
11/1/2005,3.69,0.12,-0.46,-1.43,-1.13,-0.14,-0.59,-0.74,-0.3,0.4,-0.07,-0.272,-1.5
12/1/2005,5.29,0.196,-0.5,-0.92,-1.22,-0.26,-0.92,1.07,0,0.55,-0.02,-0.3,0.2
1/1/2006,4.17,0.104,0.97,-0.37,-0.81,-0.5,-0.91,-0.1,2.7,0.41,0.04,-0.135,1.03
2/1/2006,1.2,0.055,-1.02,0.22,-0.35,-0.67,-0.67,-0.44,0.2,0.19,0.23,-0.305,0.66
3/1/2006,-0.26,0.04,-1.75,-0.29,-0.55,-0.59,-0.71,-0.56,2.9,0.18,0.41,-0.226,0.05
4/1/2006,1.3,0.177,1.2,-1.5,-0.42,-0.34,-0.32,0.2,1.8,0.41,0.31,-0.015,0.4
5/1/2006,0.83,0.288,-1.01,-0.56,-0.08,-0.06,-0.09,-1.03,-0.8,0.43,0.24,-0.207,0.48
6/1/2006,0.07,0.313,1.15,-0.21,-0.01,0.06,0,-1.02,-0.4,0.52,0.41,-0.059,1.04
7/1/2006,-0.51,0.354,0.93,0.2,0.01,0.2,0.01,1.29,-1,0.36,0.3,0.04,0.35
8/1/2006,1.27,0.381,-2.35,0.7,0.39,0.42,0.31,-1.45,-1.7,0.53,0.33,0.229,-0.65
9/1/2006,1.99,0.344,-1.43,0.97,0.83,0.63,0.6,0.31,-1,0.69,0.27,0.428,-0.94
10/1/2006,3.69,0.314,-1.92,1.05,0.88,0.69,0.7,-0.76,-2.1,0.74,0.23,0.577,-0.05
11/1/2006,4.49,0.269,0.33,0.79,0.99,0.92,0.99,-1.34,0.1,0.71,0.08,0.501,-0.22
12/1/2006,2.47,0.151,1.15,0.71,1.14,0.92,1.14,1.55,-0.5,0.47,0.32,0.172,0.14
1/1/2007,2.24,0.151,-0.25,0.66,0.87,0.65,0.7,0.27,-1.3,0.46,0.24,0.224,0.01
2/1/2007,2.96,0.197,-0.98,0.11,0.08,0.46,0.13,-0.42,-0.1,0.56,0.21,0.15,0.04
3/1/2007,1.98,0.107,1.11,-0.64,-0.4,0.34,-0.18,-0.12,0.3,0.33,0.04,0.116,-0.36
4/1/2007,0.99,0.139,0.04,-1.22,-0.63,0.1,-0.32,0.97,-0.2,0.4,0.24,0.1,0.16
5/1/2007,-0.2,0.091,0.66,-1.79,-0.88,-0.08,-0.47,0.03,-0.2,0.21,0.28,0.27,-0.1
6/1/2007,-0.48,0.068,-1.01,-1.61,-0.72,-0.07,-0.35,-0.3,0.9,0.16,0.43,0.03,0.09
7/1/2007,-0.99,0.109,-0.55,-0.98,-0.95,-0.22,-0.59,1.65,-0.5,0.09,0.23,0.045,0.78
8/1/2007,-0.24,0.035,-0.31,-1.2,-1.18,-0.31,-0.72,1.96,0.7,0.01,0.15,0.236,0.5
9/1/2007,0.2,0.078,0.85,-0.97,-1.27,-0.65,-1.11,1.52,0.3,0.11,0.27,0.235,-0.36
10/1/2007,2.42,0.138,1,-1.52,-1.43,-0.85,-1.39,0.77,1.2,0.24,0.11,0.068,-1.45
11/1/2007,3.5,0.156,0.48,-1.73,-1.62,-1.09,-1.54,0.65,1.4,0.24,0.1,-0.023,-1.08
12/1/2007,2.58,0.091,0.23,-1.66,-1.66,-1.12,-1.58,-0.16,2.7,0.09,0.2,-0.227,-0.58
1/1/2008,2.15,0.01,0.53,-0.48,-1.46,-1.45,-1.68,-1.06,2.9,0.14,0.19,0.115,-1
2/1/2008,0.98,0.108,0.38,0.22,-1.24,-1.58,-1.67,0.37,4.4,0.18,0.36,-0.072,-0.77
3/1/2008,0.12,0.138,-0.32,0.39,-0.75,-1.35,-1.21,-0.61,2.4,0.27,0.6,0.097,-0.71
4/1/2008,-1.87,0.022,-1.31,0.41,-0.46,-1.16,-0.99,-1.18,1.1,0.09,0.64,-0.153,-1.52
5/1/2008,-0.64,0.152,-1.55,0.54,-0.25,-1.11,-0.84,1.25,-0.1,0.28,0.82,0.178,-1.37
6/1/2008,-0.59,0.236,-1.09,0.55,-0.16,-1.01,-0.68,-1.76,1,0.39,0.7,0.215,-1.34
7/1/2008,-0.41,0.186,-1.24,0.99,0.28,-0.83,-0.3,-0.51,0.5,0.45,0.66,0.246,-1.67
8/1/2008,0.08,0.155,-1.62,1.4,0.5,-0.75,-0.13,0.89,1.7,0.45,0.51,0.124,-1.7
9/1/2008,2.09,0.178,1.14,1.02,0.3,-0.68,-0.25,0.89,2,0.57,0.28,0.086,-1.55
10/1/2008,2.81,0.082,0.47,0.35,0.09,-0.59,-0.35,1.11,2.1,0.43,0.27,0.029,-1.76
11/1/2008,1.84,-0.019,-0.47,-0.28,-0.12,-0.72,-0.46,1.05,2.2,0.27,0.31,-0.128,-1.25
12/1/2008,1.89,-0.002,-0.35,-0.45,-0.56,-0.81,-0.86,-1.71,2.4,0.26,0.41,-0.053,-0.87
1/1/2009,0.67,-0.079,-0.52,-0.17,-0.51,-0.95,-0.89,0.13,1.8,0.07,0.45,0.031,-1.4
2/1/2009,-2.79,-0.185,-0.38,-0.68,-0.57,-0.85,-0.79,-1.57,3.1,-0.37,0.35,0.163,-1.55
3/1/2009,-3.72,-0.18,0.19,-0.81,-0.71,-0.58,-0.69,-1.29,0.7,-0.34,0.54,0.1,-1.59
4/1/2009,-4.03,-0.151,-0.36,0.41,-0.17,-0.26,-0.35,-0.04,1.3,-0.31,0.52,0.126,-1.65
5/1/2009,-5.29,-0.082,1.61,0.34,0.29,-0.01,0.06,-0.43,-0.2,-0.23,0.79,0.256,-0.88
6/1/2009,-3.6,0.101,-0.91,0.65,0.56,0.18,0.31,0.48,0.2,0.05,0.59,0.1,-0.31
7/1/2009,0.11,0.208,-2.11,0.75,0.69,0.29,0.48,0.72,0.4,0.45,0.39,-0.192,-0.53
8/1/2009,0.33,0.132,-0.37,0.84,0.8,0.44,0.56,0.62,-0.3,0.41,0.24,-0.104,0.09
9/1/2009,0.45,0.037,1.62,0.51,0.78,0.57,0.68,1.03,0.5,0.35,0.19,-0.103,0.52
10/1/2009,2.56,0.144,-0.61,0.32,0.78,0.92,0.89,0.64,-2,0.63,0.45,-0.013,0.27
11/1/2009,2.53,0.049,-0.16,0.33,1.08,1.12,1.46,0.19,-1,0.51,0.3,-0.067,-0.4
12/1/2009,1.01,0.062,-1.88,0.6,1.33,1.18,1.74,0.04,-1.2,0.54,0.7,0.16,0.08
1/1/2010,1.98,0.019,-1.8,0.28,1.07,1.12,1.52,0.96,-1.8,0.8,0.79,0.294,0.83
2/1/2010,3.96,0.157,-2.69,0.12,0.88,0.88,1.25,0.48,-2.4,1.07,0.68,0.023,0.82
3/1/2010,5.01,0.267,-1.33,0.07,0.55,0.75,0.9,1.68,-1.1,1.27,0.89,0.458,0.44
4/1/2010,5.3,0.405,-0.93,-0.11,0.27,0.5,0.38,1.26,2,1.4,0.68,0.37,0.78
5/1/2010,6.11,0.439,-1.33,0.24,-0.17,0.1,-0.22,-0.73,1.5,1.35,0.62,-0.03,0.62
6/1/2010,4.17,0.427,-0.52,0.01,-0.71,-0.31,-0.69,-0.1,0.6,1.11,0.85,-0.14,-0.22
7/1/2010,3.84,0.429,-0.39,-1.03,-1.01,-0.79,-1.07,0.89,3,1.01,0.6,-0.001,-1.05
8/1/2010,4.19,0.505,-1.69,-1.31,-1.14,-1.25,-1.39,1.07,3,0.97,0.48,-0.062,-1.27
9/1/2010,4.92,0.428,-0.62,-1.22,-1.29,-1.44,-1.6,1.07,3.7,0.75,0.23,-0.268,-1.61
10/1/2010,6.11,0.303,-0.5,-1.28,-1.48,-1.61,-1.69,2.15,2.9,0.77,0.43,-0.437,-1.06
11/1/2010,6.32,0.215,-1.84,-1.31,-1.52,-1.59,-1.64,-0.81,2.1,0.7,0.4,-0.495,-0.82
12/1/2010,7.8,0.187,-1.8,-0.9,-1.5,-1.45,-1.6,-2.08,4.8,0.96,0.41,-0.212,-1.21
1/1/2011,7.01,0.123,-1.53,-0.48,-1.26,-1.4,-1.54,1,3.8,0.97,0.45,0.192,-0.92
2/1/2011,3.3,0.087,0.35,-0.16,-0.77,-1.05,-1.11,-2.41,4.5,0.53,0.59,0.242,-0.83
3/1/2011,1.37,0.034,0.24,-0.88,-0.73,-0.81,-0.93,0.38,4.2,0.41,0.72,0.367,-0.69
4/1/2011,0.16,0.071,2.55,-0.19,-0.33,-0.74,-0.77,-1.78,3.1,0.33,0.49,0.154,-0.42
5/1/2011,0.96,0.131,-0.01,0.11,-0.29,-0.57,-0.52,0.25,0.6,0.41,0.3,-0.089,-0.37
6/1/2011,1.87,0.157,-0.98,0.3,-0.12,-0.51,-0.38,0.35,0.4,0.59,0.2,0.055,-0.69
7/1/2011,0.97,0.071,-1.48,0.1,-0.2,-0.48,-0.43,-0.75,1.6,0.43,0.27,0.223,-1.86
8/1/2011,0.78,0.126,-1.85,-0.21,-0.39,-0.63,-0.65,1.4,0.7,0.49,0.2,0.344,-1.74
9/1/2011,2.24,0.123,0.67,-0.74,-0.61,-0.76,-0.8,-0.39,1.7,0.36,0.24,0.202,-1.79
10/1/2011,3.32,0.042,0.94,-0.78,-1.06,-0.9,-1.05,0.86,1.2,0.44,0.28,0.356,-1.34
11/1/2011,3.36,-0.092,1.3,-0.57,-1.12,-0.9,-1.19,-0.76,1.8,0.21,-0.05,0.336,-2.33
12/1/2011,4.47,-0.066,2.25,-0.68,-0.92,-1.01,-1.06,0.06,4.1,0.23,-0.48,-0.128,-1.79
1/1/2012,3.13,-0.086,0.86,-0.18,-0.57,-1.02,-0.87,0.13,1.8,0.16,-0.32,0.046,-1.38
2/1/2012,1.33,-0.017,0.03,0.36,-0.19,-0.91,-0.67,0.7,0.8,-0.02,-0.51,-0.078,-0.85
3/1/2012,-2.18,0.005,0.93,0.16,-0.18,-0.77,-0.61,-0.19,1.2,-0.26,-0.08,0.026,-1.05
4/1/2012,-1.23,0.059,0.37,0.9,-0.02,-0.59,-0.5,-0.09,-0.4,-0.17,-0.33,-0.271,-0.27
5/1/2012,-0.85,0.143,-0.79,0.87,0.09,-0.52,-0.32,-0.29,0.1,0.09,-0.04,-0.37,-1.26
6/1/2012,0.48,0.279,-2.25,1.02,0.44,-0.39,0.02,-0.42,-0.7,0.31,0.04,0.001,-0.87
7/1/2012,0.74,0.354,-1.29,0.4,0.57,-0.26,0.25,-0.57,-0.1,0.3,-0.03,0.546,-1.52
8/1/2012,2.05,0.41,-1.39,0.07,0.52,0.08,0.47,-0.2,-0.3,0.52,-0.08,0.652,-1.93
9/1/2012,3.49,0.427,-0.43,0.06,0.34,0.21,0.38,-0.39,0.4,0.72,0.02,0.453,-2.21
10/1/2012,4.97,0.308,-1.73,-0.37,0.02,0.31,0.26,-1.13,0.5,0.78,0.03,0.11,-0.79
11/1/2012,5.35,0.144,-0.74,-0.41,-0.02,0.3,0.16,-1.06,0.4,0.75,0.03,-0.1,-0.59
12/1/2012,3.92,0.12,0.07,-0.85,-0.42,0.06,-0.25,-1.31,-1,0.55,0.18,0.268,-0.48
1/1/2013,2.86,0.107,-0.11,-0.68,-0.66,-0.08,-0.53,0.05,-0.1,0.44,0.39,-0.065,-0.13
2/1/2013,1.63,0.094,-0.96,-0.73,-0.56,-0.19,-0.52,0.3,-0.4,0.4,0.25,0.189,-0.43
3/1/2013,3.72,0.137,-2.09,-0.67,-0.12,-0.37,-0.25,-0.26,2.5,0.7,0.26,0.083,-0.63
4/1/2013,2.22,0.115,0.6,-1.23,-0.36,-0.27,-0.25,-1.76,0.4,0.53,0.35,-0.297,-0.16
5/1/2013,3.12,0.08,0.58,-1.58,-0.82,-0.23,-0.4,-0.24,1.3,0.64,0.48,-0.506,0.08
6/1/2013,0.86,0.025,0.83,-1.91,-0.89,-0.2,-0.42,-0.35,2,0.32,0.28,-0.497,-0.78
7/1/2013,0.75,0.169,0.7,-1.6,-0.7,-0.24,-0.39,-0.71,1.3,0.34,0.23,-0.18,-1.25
8/1/2013,1.63,0.173,1.12,-1.16,-0.65,-0.18,-0.38,-0.06,0.3,0.56,0.25,-0.194,-1.04
9/1/2013,2.9,0.233,0.38,-0.77,-0.33,-0.11,-0.18,0.41,0.5,0.61,0.03,-0.31,-0.48
10/1/2013,4.48,0.325,-0.88,-0.75,-0.19,-0.04,-0.2,-0.21,-0.1,0.66,0.04,-0.168,-0.87
11/1/2013,3.06,0.107,0.81,-0.56,-0.2,0.04,-0.14,-1.14,1.2,0.32,-0.07,0.199,-0.11
12/1/2013,2.85,0.015,0.79,-0.44,-0.13,-0.06,-0.17,-1.16,0.1,0.27,0.11,0.141,-0.41
1/1/2014,0.77,-0.083,-0.17,-0.01,-0.43,-0.18,-0.49,0.59,2.4,0.13,0.11,-0.101,0.3
2/1/2014,-1.92,-0.064,1.07,-0.61,-0.79,0.07,-0.62,-1.57,0.1,-0.08,0.22,-0.089,0.38
3/1/2014,-4.4,-0.103,0.44,-0.31,-0.32,0.28,-0.28,-0.5,-1.5,-0.35,0.22,-0.151,0.97
4/1/2014,-3.68,-0.116,0.19,-0.03,0.06,0.35,0.08,0,1.3,-0.21,0.23,-0.058,1.13
5/1/2014,-3.8,-0.023,-0.8,1.06,0.38,0.53,0.32,-0.59,0.9,-0.06,0.48,-0.092,1.8
6/1/2014,-4.29,0.04,-0.67,1.54,0.53,0.39,0.23,-1.44,0.3,-0.05,0.47,-0.028,0.82
7/1/2014,-2.13,0.2,0.21,0.98,0.31,0.14,-0.06,0.5,-0.3,0.14,0.17,-0.363,0.7
8/1/2014,-0.34,0.313,-2.28,0.89,0.18,0.25,-0.03,1.35,-1.2,0.23,0.24,-0.372,0.67
9/1/2014,1.8,0.288,1.72,0.8,0.37,0.39,0.29,0.78,-1.2,0.51,0.26,-0.145,1.08
10/1/2014,3.18,0.27,-0.87,0.69,0.58,0.48,0.44,1.14,-1,0.56,0.16,0.141,1.49
11/1/2014,3.1,0.043,0.58,0.8,0.77,0.73,0.75,0.64,-1.5,0.35,-0.32,0.01,1.72
12/1/2014,1.35,0.037,1.63,0.41,0.68,0.76,0.71,0.37,-0.9,0.34,-0.12,0.046,2.51
1/1/2015,-0.8,-0.03,1.57,-0.16,0.35,0.75,0.51,0.14,-1.4,0.17,0.43,-0.1,2.45
2/1/2015,-1.78,-0.026,1.05,-0.53,0.05,0.87,0.42,0.49,0.4,0.11,0.42,-0.345,2.3
3/1/2015,-4.23,-0.151,1.12,0.09,0.1,0.9,0.47,-0.52,-1.2,-0.11,0.23,-0.241,2
4/1/2015,-5.65,-0.093,0.64,1,0.63,0.98,0.7,-0.39,-0.1,-0.24,0.36,-0.008,1.44
5/1/2015,-4.08,0.023,0.19,1.55,0.94,0.94,0.92,-0.05,-1.2,0.08,0.46,0.24,1.2
6/1/2015,-4.13,0.007,0.24,2.19,1.45,0.92,1.18,-0.07,-0.9,-0.07,0.38,0.296,1.54
7/1/2015,-1.6,0.11,-3.14,2.54,1.85,0.88,1.46,0.29,-1.9,0.16,0.07,0.225,1.84
8/1/2015,1.1,0.156,-1.1,1.65,2.09,0.99,1.93,0.05,-2.4,0.43,-0.11,0.567,1.56
9/1/2015,2.44,0.278,-0.49,2.28,2.5,1.06,2.21,-0.8,-2.7,0.72,-0.04,0.294,1.94
10/1/2015,3.95,0.302,0.99,2.12,2.62,1.08,2.36,2.12,-2.8,0.93,0.28,0.483,1.47
11/1/2015,1.08,0.164,1.7,2.28,2.84,1.44,2.72,-0.2,-0.8,0.49,0.37,0.347,0.86
12/1/2015,-0.58,0.207,1.99,2.21,2.84,1.37,2.66,0.47,-0.9,0.42,0.7,0.272,1.01
1/1/2016,-0.56,0.209,-0.37,1.79,2.59,1.22,2.57,1.94,-3.6,0.5,0.81,0.266,1.53
2/1/2016,-0.66,0.133,1.35,1.3,1.97,1.22,2.26,1.68,-3.2,0.45,0.59,-0.11,1.75
3/1/2016,-1.4,0.166,0.37,1.35,1.53,1.07,1.62,0.41,-0.1,0.39,0.6,-0.009,2.4
4/1/2016,-1.58,0.155,0.26,0.45,0.62,0.74,0.91,0.6,-2,0.32,0.39,0.146,2.62
5/1/2016,0.09,0.322,-0.67,0.49,-0.03,0.53,0.3,-0.85,0.7,0.38,0.35,-0.113,2.35
6/1/2016,-0.1,0.387,-0.13,0.64,-0.14,0.39,-0.03,-0.64,1.1,0.39,0.68,-0.443,2.03
7/1/2016,-0.14,0.41,-1.72,0.25,-0.61,0.15,-0.48,0.53,0.7,0.37,0.63,-0.758,1.25
8/1/2016,1.09,0.434,-2.24,0.24,-0.53,-0.06,-0.58,-0.91,1.2,0.49,0.52,-0.444,0.52
9/1/2016,2.11,0.435,0.74,0.57,-0.26,-0.25,-0.58,0.11,2,0.39,0.26,-0.437,0.45
10/1/2016,2.65,0.358,0.96,0.34,-0.56,-0.44,-0.74,1.53,-0.4,0.55,0.46,-0.372,0.56
11/1/2016,3.57,0.368,-0.31,0.12,-0.62,-0.46,-0.76,1.44,-0.2,0.46,0.28,-0.382,1.88
12/1/2016,2.87,0.313,0.35,0.43,-0.47,-0.19,-0.5,-0.65,0.5,0.52,0.67,-0.31,1.17
